﻿<?xml version="1.0" encoding="utf-8"?>
<root>
  <rows>
    <row>
      <id>1</id>
      <parentid>0</parentid>
      <name>mainlycontent</name>
      <editor>
      </editor>
      <value>
      </value>
    </row>
    <row>
      <id>1.1</id>
      <parentid>1</parentid>
      <name>name</name>
      <editor>textbox</editor>
      <value>162164_MDMS_Report</value>
      <datasource>
      </datasource>
      <listfieldname>name</listfieldname>
    </row>
    <row>
      <id>1.2</id>
      <parentid>1</parentid>
      <name>description</name>
      <editor>textbox</editor>
      <value>生成Report</value>
      <datasource>
      </datasource>
      <listfieldname>description</listfieldname>
    </row>
    <row>
      <id>1.3</id>
      <parentid>1</parentid>
      <name>machinename</name>
      <editor>combobox</editor>
      <value>V162164cpsprappr02</value>
      <datasource>machine</datasource>
      <listfieldname>machinename</listfieldname>
    </row>
    <row>
      <id>1.4</id>
      <parentid>1</parentid>
      <name>owner</name>
      <editor>combobox</editor>
      <value>polypath_autosys_pr@nam</value>
      <datasource>owner</datasource>
      <listfieldname>owner</listfieldname>
    </row>
    <row>
      <id>1.5</id>
      <parentid>1</parentid>
      <name>command</name>
      <editor>textbox</editor>
      <value>%MBSRootDir%\\opt\\spirit\\scripts\\batch\\MDMS_Reports.bat</value>
      <datasource>
      </datasource>
      <listfieldname>command</listfieldname>
    </row>
    <row>
      <id>1.6</id>
      <parentid>1</parentid>
      <name>bussinessbackground</name>
      <editor>textbox</editor>
      <value>不知道</value>
      <datasource>
      </datasource>
      <listfieldname>bussinessbackground</listfieldname>
    </row>
    <row>
      <id>1.7</id>
      <parentid>1</parentid>
      <name>createdate</name>
      <editor>textbox</editor>
      <value>2017-05-22</value>
      <datasource>
      </datasource>
      <listfieldname>createdate</listfieldname>
    </row>
    <row>
      <id>1.8</id>
      <parentid>1</parentid>
      <name>xmlfilename</name>
      <editor>
      </editor>
      <value>162164_MDMS_Report.xml</value>
      <datasource>
      </datasource>
      <listfieldname>xmlfilename</listfieldname>
    </row>
    <row>
      <id>2</id>
      <parentid>0</parentid>
      <name>input_output</name>
      <editor>
      </editor>
      <value>
      </value>
    </row>
    <row>
      <id>2.1</id>
      <parentid>2</parentid>
      <name>relationtable</name>
      <editor>textbox</editor>
      <value></value>
      <datasource>
      </datasource>
      <listfieldname>relationtable</listfieldname>
    </row>
    <row>
      <id>2.2</id>
      <parentid>2</parentid>
      <name>relationfile</name>
      <editor>textbox</editor>
      <value></value>
      <datasource>
      </datasource>
      <listfieldname>relationfile</listfieldname>
    </row>
    <row>
      <id>3</id>
      <parentid>0</parentid>
      <name>log</name>
      <editor>
      </editor>
      <value>
      </value>
    </row>
    <row>
      <id>3.1</id>
      <parentid>3</parentid>
      <name>logpath</name>
      <editor>textbox</editor>
      <value>%MBSRootDir%\\data\\mbspoly\\log\\Autosys\\MDMS_Report.log</value>
      <datasource>
      </datasource>
      <listfieldname>logpath</listfieldname>
    </row>
    <row>
      <id>3.2</id>
      <parentid>3</parentid>
      <name>errorlogpath</name>
      <editor>textbox</editor>
      <value>%MBSRootDir%\\data\\mbspoly\\log\\Autosys\\MDMS_Report.err</value>
      <datasource>
      </datasource>
      <listfieldname>errorlogpath</listfieldname>
    </row>
  </rows>
  <detail>
    <visio visioname="162164_MDMS_Report">
      <step>
        <stepid>-2</stepid>
        <stepname>MK_Retrieve_Reports_ABXPV(SP)获取数据</stepname>
        <steptype>normal</steptype>
        <targetfile></targetfile>
        <targetpagetype></targetpagetype>
        <detail>
          <logic editor="textarea">执行SP获取数据</logic>
          <contacttables editor="textarea">MK_ABX_MARKS_MTM</contacttables>
          <contactfiles editor="textarea">
          </contactfiles>
        </detail>
      </step>
      <step>
        <stepid>-3</stepid>
        <stepname>生成文件SPG_EMEA_ABX_PV.csv</stepname>
        <steptype>normal</steptype>
        <targetfile>
        </targetfile>
        <targetpagetype>
        </targetpagetype>
        <detail>
          <logic editor="textarea">根据61D,61E,61F,61G过滤,生成文件SPG_EMEA_ABX_PV.csv</logic>
          <contacttables editor="textarea"></contacttables>
          <contactfiles editor="textarea">SPG_EMEA_ABX_PV.csv</contactfiles>
        </detail>
      </step>
      <step>
        <stepid>-4</stepid>
        <stepname>生成文件Global_Derivs_Clearing_ABX_PV.csv</stepname>
        <steptype>normal</steptype>
        <targetfile>
        </targetfile>
        <targetpagetype>
        </targetpagetype>
        <detail>
          <logic editor="textarea">根据A1G,A1H,A1N,A1M,A1P,41N过滤,生成文件Global_Derivs_Clearing_ABX_PV.csv</logic>
          <contacttables editor="textarea"></contacttables>
          <contactfiles editor="textarea">Global_Derivs_Clearing_ABX_PV.csv</contactfiles>
        </detail>
      </step>
      <step>
        <stepid>-5</stepid>
        <stepname>GCDR_curves.txt获取数据</stepname>
        <steptype>normal</steptype>
        <targetfile>
        </targetfile>
        <targetpagetype>
        </targetpagetype>
        <detail>
          <logic editor="textarea">GCDR_curves.txt获取数据</logic>
          <contacttables editor="textarea"></contacttables>
          <contactfiles editor="textarea">GCDR_curves.txt</contactfiles>
        </detail>
      </step>
      <step>
        <stepid>-6</stepid>
        <stepname>MK_Retrieve_Feed_CreditEngine(SP)获取数据</stepname>
        <steptype>normal</steptype>
        <targetfile>
        </targetfile>
        <targetpagetype>
        </targetpagetype>
        <detail>
          <logic editor="textarea">MK_Retrieve_Feed_CreditEngine(SP)获取数据</logic>
          <contacttables editor="textarea">MK_Solar_TradeFeed</contacttables>
          <contactfiles editor="textarea">
          </contactfiles>
        </detail>
      </step>
      <step>
        <stepid>-7</stepid>
        <stepname>生成文件CalypsoCreditEngineFeed.txt</stepname>
        <steptype>normal</steptype>
        <targetfile>
        </targetfile>
        <targetpagetype>
        </targetpagetype>
        <detail>
          <logic editor="textarea">生成文件CalypsoCreditEngineFeed.txt</logic>
          <contacttables editor="textarea"></contacttables>
          <contactfiles editor="textarea">CalypsoCreditEngineFeed.txt</contactfiles>
        </detail>
      </step>
      <step>
        <stepid>-8</stepid>
        <stepname>逻辑计算</stepname>
        <steptype>normal</steptype>
        <targetfile>
        </targetfile>
        <targetpagetype>
        </targetpagetype>
        <detail>
          <logic editor="textarea">详细逻辑需要查看代码</logic>
          <contacttables editor="textarea"></contacttables>
          <contactfiles editor="textarea"></contactfiles>
        </detail>
      </step>
      <step>
        <stepid>-9</stepid>
        <stepname>复制到tmp_mkt_tmapp_NY_MDMS</stepname>
        <steptype>normal</steptype>
        <targetfile>
        </targetfile>
        <targetpagetype>
        </targetpagetype>
        <detail>
          <logic editor="textarea">复制到tmp_mkt_tmapp_NY_MDMS</logic>
          <contacttables editor="textarea"></contacttables>
          <contactfiles editor="textarea"></contactfiles>
        </detail>
      </step>
      <step>
        <stepid>-10</stepid>
        <stepname>复制到tmp_mkt_tmapp_NY_MDMS</stepname>
        <steptype>normal</steptype>
        <targetfile>
        </targetfile>
        <targetpagetype>
        </targetpagetype>
        <detail>
          <logic editor="textarea">复制到tmp_mkt_tmapp_NY_MDMS</logic>
          <contacttables editor="textarea"></contacttables>
          <contactfiles editor="textarea"></contactfiles>
        </detail>
      </step>
      <step>
        <stepid>-11</stepid>
        <stepname>MK_ABCDS_ALL_MTM(TB)获取数据</stepname>
        <steptype>normal</steptype>
        <targetfile>
        </targetfile>
        <targetpagetype>
        </targetpagetype>
        <detail>
          <logic editor="textarea">MK_ABCDS_ALL_MTM(TB)获取数据</logic>
          <contacttables editor="textarea">MK_ABCDS_ALL_MTM</contacttables>
          <contactfiles editor="textarea"></contactfiles>
        </detail>
      </step>
      <step>
        <stepid>-12</stepid>
        <stepname>MK_ABCDS_ALL_MTM(TB)获取数据</stepname>
        <steptype>normal</steptype>
        <targetfile>
        </targetfile>
        <targetpagetype>
        </targetpagetype>
        <detail>
          <logic editor="textarea">MK_ABCDS_ALL_MTM(TB)获取数据</logic>
          <contacttables editor="textarea">MK_ABCDS_ALL_MTM</contacttables>
          <contactfiles editor="textarea"></contactfiles>
        </detail>
      </step>
      <step>
        <stepid>-13</stepid>
        <stepname>生成ABSTradeAMendmentReport.UK.txt</stepname>
        <steptype>normal</steptype>
        <targetfile>
        </targetfile>
        <targetpagetype>
        </targetpagetype>
        <detail>
          <logic editor="textarea">更新ABSTradeAMendmentReport.UK.txt</logic>
          <contacttables editor="textarea"></contacttables>
          <contactfiles editor="textarea">ABSTradeAMendmentReport.UK.txt</contactfiles>
        </detail>
      </step>
      <step>
        <stepid>-14</stepid>
        <stepname>MK_ABCDS_ALL_MTM(TB)获取前一天数据</stepname>
        <steptype>normal</steptype>
        <targetfile>
        </targetfile>
        <targetpagetype>
        </targetpagetype>
        <detail>
          <logic editor="textarea">MK_ABCDS_ALL_MTM(TB)获取前一天数据</logic>
          <contacttables editor="textarea">MK_ABCDS_ALL_MTM</contacttables>
          <contactfiles editor="textarea"></contactfiles>
        </detail>
      </step>
      <step>
        <stepid>-15</stepid>
        <stepname>逻辑计算</stepname>
        <steptype>normal</steptype>
        <targetfile>
        </targetfile>
        <targetpagetype>
        </targetpagetype>
        <detail>
          <logic editor="textarea">详细逻辑需要查看代码</logic>
          <contacttables editor="textarea"></contacttables>
          <contactfiles editor="textarea"></contactfiles>
        </detail>
      </step>
      <location>
        { "class": "go.GraphLinksModel",
        "linkFromPortIdProperty": "fromPort",
        "linkToPortIdProperty": "toPort",
        "modelData": {"position":"-50.76142374915397 67.66279069767441"},
        "nodeDataArray": [
        {"text":"MK_Retrieve_Reports_ABXPV(SP)获取数据", "figure":"CreateRequest", "fill":"#FFCC22", "size":"392 89", "key":-2, "loc":"410 -460"},
        {"text":"生成文件SPG_EMEA_ABX_PV.csv", "figure":"CreateRequest", "fill":"#FFCC22", "size":"392 89", "key":-3, "loc":"140 -260"},
        {"text":"生成文件Global_Derivs_Clearing_ABX_PV.csv", "figure":"CreateRequest", "fill":"#FFCC22", "size":"392 89", "key":-4, "loc":"680 -260"},
        {"text":"GCDR_curves.txt获取数据", "figure":"CreateRequest", "fill":"#FFCC22", "size":"392 89", "key":-5, "loc":"-290 20"},
        {"text":"MK_Retrieve_Feed_CreditEngine(SP)获取数据", "figure":"CreateRequest", "fill":"#FFCC22", "size":"392 89", "key":-6, "loc":"270 20"},
        {"text":"生成文件CalypsoCreditEngineFeed.txt", "figure":"CreateRequest", "fill":"#FFCC22", "size":"392 89", "key":-7, "loc":"-20 220"},
        {"text":"逻辑计算", "figure":"RoundedRectangle", "fill":"lightyellow", "key":-8, "loc":"-20 110"},
        {"text":"复制到tmp_mkt_tmapp_NY_MDMS", "figure":"CreateRequest", "fill":"#FFCC22", "size":"392 89", "key":-9, "loc":"-300 370"},
        {"text":"复制到tmp_mkt_tmapp_NY_MDMS", "figure":"CreateRequest", "fill":"#FFCC22", "size":"392 89", "key":-10, "loc":"270 370"},
        {"text":"MK_ABCDS_ALL_MTM(TB)获取数据", "figure":"CreateRequest", "fill":"#FFCC22", "size":"392 89", "key":-11, "loc":"450 640"},
        {"text":"ABSTradeAmendmentReport.UK.xls获取数据", "figure":"CreateRequest", "fill":"#FFCC22", "size":"392 89", "key":-12, "loc":"-30 640"},
        {"text":"生成ABSTradeAMendmentReport.UK.txt", "figure":"CreateRequest", "fill":"#FFCC22", "size":"392 89", "key":-13, "loc":"450 910"},
        {"text":"MK_ABCDS_ALL_MTM(TB)获取前一天数据", "figure":"CreateRequest", "fill":"#FFCC22", "size":"392 89", "key":-14, "loc":"940 640"},
        {"text":"逻辑计算", "figure":"RoundedRectangle", "fill":"lightyellow", "key":-15, "loc":"450 780", "size":"177 39.122847498307934"}
        ],
        "linkDataArray": [
        {"from":-2, "to":-3, "fromPort":"B", "toPort":"T", "points":[410,-415.5,410,-405.5,410,-360,140,-360,140,-314.5,140,-304.5], "text":"61D,61E,61F,61G "},
        {"from":-2, "to":-4, "fromPort":"B", "toPort":"T", "points":[410,-415.5,410,-405.5,410,-360,680,-360,680,-314.5,680,-304.5], "text":"A1G,A1H,A1N,A1M,A1P,41N"},
        {"from":-5, "to":-8, "fromPort":"B", "toPort":"L", "points":[-290,64.5,-290,74.5,-290,110,-180.54070027789726,110,-71.08140055579457,110,-61.08140055579457,110]},
        {"from":-6, "to":-8, "fromPort":"B", "toPort":"R", "points":[270,64.5,270,74.5,270,110,150.54070027789726,110,31.08140055579463,110,21.08140055579463,110], "text":""},
        {"from":-8, "to":-7, "fromPort":"B", "toPort":"T", "points":[-20,129.56142374915396,-20,139.56142374915396,-20,152.53071187457698,-20,152.53071187457698,-20,165.5,-20,175.5]},
        {"from":-7, "to":-9, "fromPort":"B", "toPort":"T", "points":[-20,264.5,-20,274.5,-20,295,-300,295,-300,315.5,-300,325.5]},
        {"from":-7, "to":-10, "fromPort":"B", "toPort":"T", "points":[-20,264.5,-20,274.5,-20,295,270,295,270,315.5,270,325.5]},
        {"from":-12, "to":-15, "fromPort":"B", "toPort":"L", "points":[-30,684.5,-30,694.5,-30,780,160.75,780,351.5,780,361.5,780]},
        {"from":-11, "to":-15, "fromPort":"B", "toPort":"T", "points":[450,684.5,450,694.5,450,722.469288125423,450,722.469288125423,450,750.438576250846,450,760.438576250846]},
        {"from":-14, "to":-15, "fromPort":"B", "toPort":"R", "points":[940,684.5,940,694.5,940,780,744.25,780,548.5,780,538.5,780]},
        {"from":-15, "to":-13, "fromPort":"B", "toPort":"T", "points":[450,799.561423749154,450,809.561423749154,450,832.530711874577,450,832.530711874577,450,855.5,450,865.5]}
        ]}
      </location>
    </visio>
    <solve>暂时没有</solve>
    <errorlog>
    </errorlog>
    <relation>
    </relation>
  </detail>
</root>