﻿<?xml version="1.0" encoding="utf-8" ?>
<root>
  <rows>
    <row>
      <id>1</id>
      <parentid>0</parentid>
      <name>mainlycontent</name>
      <editor></editor>
      <value></value>
    </row>
    <row>
      <id>2</id>
      <parentid>0</parentid>
      <name>input_output</name>
      <editor></editor>
      <value></value>
    </row>
    <row>
      <id>3</id>
      <parentid>0</parentid>
      <name>log</name>
      <editor></editor>
      <value></value>
    </row>
    <row>
      <id>1.1</id>
      <parentid>1</parentid>
      <name>name</name>
      <editor>textbox</editor>
      <value>162164_MDMS_Oasys_Submit_Feed_EMEA</value>
      <islistshow>1</islistshow>
      <listfieldname>name</listfieldname>
      <listfield>
        <field>name</field>
        <width>100</width>
        <headeralign>center</headeralign>
        <headercls>grid_header</headercls>
        <allowsort>true</allowsort>
        <columnname>名称</columnname>
      </listfield>
    </row>
    <row>
      <id>1.2</id>
      <parentid>1</parentid>
      <name>description</name>
      <editor>textbox</editor>
      <value></value>
      <islistshow>1</islistshow>
      <listfieldname>description</listfieldname>
      <listfield>
        <field>description</field>
        <width>100</width>
        <headeralign>center</headeralign>
        <headercls>grid_header</headercls>
        <allowsort>true</allowsort>
        <columnname>描述</columnname>
      </listfield>
    </row>
    <row>
      <id>1.3</id>
      <parentid>1</parentid>
      <name>machinename</name>
      <editor>textbox</editor>
      <value>V162164cpsprappr02</value>
      <islistshow>1</islistshow>
      <listfieldname>machinename</listfieldname>
      <listfield>
        <field>machinename</field>
        <width>100</width>
        <headeralign>center</headeralign>
        <headercls>grid_header</headercls>
        <allowsort>true</allowsort>
        <columnname>机器名称</columnname>
      </listfield>
    </row>
    <row>
      <id>1.4</id>
      <parentid>1</parentid>
      <name>owner</name>
      <editor>textbox</editor>
      <value>polypath_autosys_pr@nam</value>
      <islistshow>1</islistshow>
      <listfieldname>owner</listfieldname>
      <listfield>
        <field>owner</field>
        <width>100</width>
        <headeralign>center</headeralign>
        <headercls>grid_header</headercls>
        <allowsort>true</allowsort>
        <columnname>运行账号</columnname>
      </listfield>
    </row>
    <row>
      <id>1.5</id>
      <parentid>1</parentid>
      <name>command</name>
      <editor>textbox</editor>
      <value>%MBSRootDir%\\opt\\spirit\\scripts\\batch\\MDMS_Oasys_Submit_Feed_EMEA.bat</value>
      <islistshow>1</islistshow>
      <listfieldname>command</listfieldname>
      <listfield>
        <field>command</field>
        <width>100</width>
        <headeralign>center</headeralign>
        <headercls>grid_header</headercls>
        <allowsort>true</allowsort>
        <columnname>命令</columnname>
      </listfield>
    </row>
    <row>
      <id>1.6</id>
      <parentid>1</parentid>
      <name>bussinessbackground</name>
      <editor>textbox</editor>
      <value>i do not know</value>
      <islistshow>1</islistshow>
      <listfieldname>bussinessbackground</listfieldname>
      <listfield>
        <field>bussinessbackground</field>
        <width>100</width>
        <headeralign>center</headeralign>
        <headercls>grid_header</headercls>
        <allowsort>true</allowsort>
        <columnname>业务背景</columnname>
      </listfield>
    </row>
    <row>
      <id>1.7</id>
      <parentid>1</parentid>
      <name>createdate</name>
      <editor>textbox</editor>
      <value>20170307</value>
      <islistshow>0</islistshow>
      <listfieldname>createdate</listfieldname>
      <listfield>
        <field>createdate</field>
        <width>100</width>
        <headeralign>center</headeralign>
        <headercls>grid_header</headercls>
        <allowsort>true</allowsort>
        <columnname>创建日期</columnname>
      </listfield>
    </row>
    <row>
      <id>1.8</id>
      <parentid>1</parentid>
      <name>xmlfilename</name>
      <editor>textbox</editor>
      <value>162164_MDMS_Oasys_Submit_Feed_EMEA.xml</value>
      <islistshow>1</islistshow>
      <listfieldname>xmlfilename</listfieldname>
      <listfield>
        <field>xmlfilename</field>
        <width>100</width>
        <headeralign>center</headeralign>
        <headercls>grid_header</headercls>
        <allowsort>true</allowsort>
        <columnname>xml文件</columnname>
      </listfield>
    </row>
    <row>
      <id>2.1</id>
      <parentid>2</parentid>
      <name>relationtable</name>
      <editor>textbox</editor>
      <value></value>
      <islistshow>1</islistshow>
      <listfieldname>relationtable</listfieldname>
      <listfield>
        <field>relationtable</field>
        <width>100</width>
        <headeralign>center</headeralign>
        <headercls>grid_header</headercls>
        <allowsort>true</allowsort>
        <columnname>涉及表</columnname>
      </listfield>
    </row>
    <row>
      <id>2.2</id>
      <parentid>2</parentid>
      <name>relationfile</name>
      <editor>textbox</editor>
      <value>MRMNY.EMEA.Marks;MRMNY.EMEA.Marks_server</value>
      <islistshow>1</islistshow>
      <listfieldname>relationfile</listfieldname>
      <listfield>
        <field>relationfile</field>
        <width>100</width>
        <headeralign>center</headeralign>
        <headercls>grid_header</headercls>
        <allowsort>true</allowsort>
        <columnname>涉及文件</columnname>
      </listfield>
    </row>
    <row>
      <id>3.1</id>
      <parentid>3</parentid>
      <name>logpath</name>
      <editor>textbox</editor>
      <value>%MBSRootDir%\\data\\mbspoly\\log\\Autosys\\MDMS_Oasys_Submit_Feed_EMEA.log</value>
      <islistshow>1</islistshow>
      <listfieldname>logpath</listfieldname>
      <listfield>
        <field>logpath</field>
        <width>100</width>
        <headeralign>center</headeralign>
        <headercls>grid_header</headercls>
        <allowsort>true</allowsort>
        <columnname>日志文件</columnname>
      </listfield>
    </row>
    <row>
      <id>3.2</id>
      <parentid>3</parentid>
      <name>errorlogpath</name>
      <editor>textbox</editor>
      <value>%MBSRootDir%\\data\\mbspoly\\log\\Autosys\\MDMS_Oasys_Submit_Feed_EMEA.err</value>
      <islistshow>1</islistshow>
      <listfieldname>errorlogpath</listfieldname>
      <listfield>
        <field>errorlogpath</field>
        <width>100</width>
        <headeralign>center</headeralign>
        <headercls>grid_header</headercls>
        <allowsort>true</allowsort>
        <columnname>Error文件</columnname>
      </listfield>
    </row>
  </rows>
  <detail>
    <visio visioname="162164_MDMS_Oasys_Submit_Feed_EMEA">
      <step>
        <stepid>-2</stepid>
        <stepname>File MRMNY.EMEA.Mark send to server by ftp</stepname>
        <steptype>normal</steptype>
        <targetfile></targetfile>
        <detail>
          <summary editor="text"></summary>
          <description editor="text"></description>
          <logic editor="textarea"></logic>
          <contacttables editor="textarea"></contacttables>
          <contactfiles editor="textarea"></contactfiles>
        </detail>
      </step>
      <step>
        <stepid>-3</stepid>
        <stepname>Download recently file from server and compare current file before upload</stepname>
        <steptype>normal</steptype>
        <targetfile></targetfile>
        <detail>
          <summary editor="text"></summary>
          <description editor="text"></description>
          <logic editor="textarea"></logic>
          <contacttables editor="textarea"></contacttables>
          <contactfiles editor="textarea"></contactfiles>
        </detail>
      </step>
      <location>
        { "class": "go.GraphLinksModel",
        "linkFromPortIdProperty": "fromPort",
        "linkToPortIdProperty": "toPort",
        "modelData": {"position":"-50.76142374915397 67.66279069767441"},
        "nodeDataArray": [
        {"text":"File MRMNY.EMEA.Mark send to server by ftp", "figure":"CreateRequest", "fill":"#FFCC22", "size":"385 62", "key":-2, "loc":"280.0000000000002 40"},
        {"text":"Download recently file from server and compare current file before upload", "figure":"CreateRequest", "fill":"#FFCC22", "size":"375 62", "key":-3, "loc":"280 320"}
        ],
        "linkDataArray": [ {"from":-2, "to":-3, "fromPort":"B", "toPort":"T", "points":[280.0000000000002,71,280.0000000000002,81,280.0000000000002,180,280,180,280,279,280,289]} ]}
      </location>
    </visio>
    <solve>
      <p>
        如果发现错误,请按照如下步骤操作.
      </p>
      <p>
        1.到 <span style="background-color:#FFE500;">%MBSRootDir%ASCII(92)dataASCII(92)mbspolyASCII(92)logASCII(92)AutosysASCII(92)MDMS_Oasys_Submit_Feed_EMEA.log</span> 查看相应错误日志
      </p>
      <p>
        2.错误原因可能是本地缺少MRMNY.EMEA.Mark文件,或者ftp连接出错
      </p>
    </solve>
    <errorlog>
      <log>
        <id>1</id>
        <time>2017-03-01</time>
        <issue>162164_MDMS_Oasys_Submit_Feed_EMEA failed</issue>
        <cause>no file MRMNY.EMEA.Mark from current folder</cause>
        <status>success</status>
        <resolve>rerun job</resolve>
        <attachment></attachment>
      </log>
    </errorlog>
    <relation>
      <flow>
        <upstream filename="162164_MDMS_OASYS_CreatePackage_EMEA.xml" pagetype="job" status="edit"></upstream>
      </flow>
    </relation>
  </detail>
</root>