﻿<?xml version="1.0" encoding="utf-8"?>
<root>
  <rows>
    <row>
      <id>1</id>
      <parentid>0</parentid>
      <name>mainlycontent</name>
      <editor>
      </editor>
      <value>
      </value>
    </row>
    <row>
      <id>1.1</id>
      <parentid>1</parentid>
      <name>name</name>
      <editor>textbox</editor>
      <value>162164_Pull_Strategy_977</value>
      <datasource>
      </datasource>
      <listfieldname>name</listfieldname>
    </row>
    <row>
      <id>1.2</id>
      <parentid>1</parentid>
      <name>description</name>
      <editor>textbox</editor>
      <value>Download之后从MK_MORT_DERIV_TRADES表插入MK_EMEA_GSM_TRADES</value>
      <datasource>
      </datasource>
      <listfieldname>description</listfieldname>
    </row>
    <row>
      <id>1.3</id>
      <parentid>1</parentid>
      <name>machinename</name>
      <editor>combobox</editor>
      <value>V162164cpsprappr02</value>
      <datasource>machine</datasource>
      <listfieldname>machinename</listfieldname>
    </row>
    <row>
      <id>1.4</id>
      <parentid>1</parentid>
      <name>owner</name>
      <editor>combobox</editor>
      <value>polypath_autosys_pr@nam</value>
      <datasource>owner</datasource>
      <listfieldname>owner</listfieldname>
    </row>
    <row>
      <id>1.5</id>
      <parentid>1</parentid>
      <name>command</name>
      <editor>textbox</editor>
      <value>asrut145v1polpolypathoptmbspolyscriptsl321_Pull_Strategy_977.bat</value>
      <datasource>
      </datasource>
      <listfieldname>command</listfieldname>
    </row>
    <row>
      <id>1.6</id>
      <parentid>1</parentid>
      <name>bussinessbackground</name>
      <editor>textbox</editor>
      <value>Download之后从MK_MORT_DERIV_TRADES表插入MK_EMEA_GSM_TRADES</value>
      <datasource>
      </datasource>
      <listfieldname>bussinessbackground</listfieldname>
    </row>
    <row>
      <id>1.7</id>
      <parentid>1</parentid>
      <name>createdate</name>
      <editor>textbox</editor>
      <value>2017-03-07</value>
      <datasource>
      </datasource>
      <listfieldname>createdate</listfieldname>
    </row>
    <row>
      <id>1.8</id>
      <parentid>1</parentid>
      <name>xmlfilename</name>
      <editor>
      </editor>
      <value>162164_Pull_Strategy_977.xml</value>
      <datasource>
      </datasource>
      <listfieldname>xmlfilename</listfieldname>
    </row>
    <row>
      <id>2</id>
      <parentid>0</parentid>
      <name>input_output</name>
      <editor>
      </editor>
      <value>
      </value>
    </row>
    <row>
      <id>2.1</id>
      <parentid>2</parentid>
      <name>relationtable</name>
      <editor>textbox</editor>
      <value>444</value>
      <datasource>
      </datasource>
      <listfieldname>relationtable</listfieldname>
    </row>
    <row>
      <id>2.2</id>
      <parentid>2</parentid>
      <name>relationfile</name>
      <editor>textbox</editor>
      <value>222</value>
      <datasource>
      </datasource>
      <listfieldname>relationfile</listfieldname>
    </row>
    <row>
      <id>3</id>
      <parentid>0</parentid>
      <name>log</name>
      <editor>
      </editor>
      <value>
      </value>
    </row>
    <row>
      <id>3.1</id>
      <parentid>3</parentid>
      <name>logpath</name>
      <editor>textbox</editor>
      <value>asrut145v1polpolypathdatambspolylogAutosysPull_Strategy_977.log</value>
      <datasource>
      </datasource>
      <listfieldname>logpath</listfieldname>
    </row>
    <row>
      <id>3.2</id>
      <parentid>3</parentid>
      <name>errorlogpath</name>
      <editor>textbox</editor>
      <value>asrut145v1polpolypathdatambspolylogAutosysPull_Strategy_977.err</value>
      <datasource>
      </datasource>
      <listfieldname>errorlogpath</listfieldname>
    </row>
  </rows>
  <detail>
    <visio visioname="162164_Pull_Strategy_977">
      <step>
        <stepid>-2</stepid>
        <stepname>MDMSDownloadTrades.bat</stepname>
        <steptype>visio</steptype>
        <targetfile>MDMSDownloadTrades.xml</targetfile>
        <targetpagetype>job</targetpagetype>
      </step>
      <step>
        <stepid>-3</stepid>
        <stepname>Exec Move977Trades.sql</stepname>
        <steptype>normal</steptype>
        <targetfile>
        </targetfile>
        <targetpagetype>
        </targetpagetype>
        <detail>
          <logic editor="textarea">从MK_MORT_DERIV_TRADES过滤取数到MK_EMEA_GSM_TRADES</logic>
          <contacttables editor="textarea">MK_EMEA_GSM_TRADES;MK_MORT_DERIV_TRADES</contacttables>
          <contactfiles editor="textarea">
          </contactfiles>
        </detail>
      </step>
      <location>
        { "class": "go.GraphLinksModel",
        "linkFromPortIdProperty": "fromPort",
        "linkToPortIdProperty": "toPort",
        "modelData": {"position":"-50.76142374915397 67.66279069767441"},
        "nodeDataArray": [
        {"text":"MDMSDownloadTrades.bat", "figure":"CreateRequest", "fill":"#FFCC22", "size":"296 70", "key":-2, "loc":"260 -270"},
        {"text":"Exec Move977Trades.sql", "figure":"CreateRequest", "fill":"#FFCC22", "size":"296 70", "key":-3, "loc":"260 -130"}
        ],
        "linkDataArray": [ {"from":-2, "to":-3, "fromPort":"B", "toPort":"T", "points":[260,-235,260,-225,260,-200,260,-200,260,-175,260,-165]} ]}
      </location>
    </visio>
    <solve>暂无f</solve>
    <errorlog>
      <log>
        <id>1</id>
        <time>2017-03-03</time>
        <issue>162164_EMEA_GSM_ABCDS_Marks failed1</issue>
        <cause>upstream data miss at that time1</cause>
        <status>success</status>
        <resolve>rerun job1 </resolve>
        <attachment>
        </attachment>
      </log>
      <log>
        <id>2</id>
        <time>2017-03-01</time>
        <issue>162164_EMEA_GSM_ABCDS_Marks failed2</issue>
        <cause>upstream data miss at that time2</cause>
        <status>success</status>
        <resolve>rerun job2 </resolve>
        <attachment>
        </attachment>
      </log>
    </errorlog>
    <relation>
      <flow>
        <downstream filename="156762_Thetica_RunEOD_London.xml" pagetype="job" status="edit">
        </downstream>
      </flow>
      <flow>
        <upstream filename="162164_Pull_Strategy_977.xml" pagetype="job" status="edit">upstream1</upstream>
        <downstream filename="alljobs.xml" pagetype="global" status="edit">downstream1</downstream>
        <downstream filename="162164_EMEA_GSM_ABCDS_Marks.xml" pagetype="job" status="edit">downstream1</downstream>
      </flow>
    </relation>
  </detail>
</root>