﻿<?xml version="1.0" encoding="utf-8" ?>
<root>
  <rows>
    <row>
      <id>1</id>
      <parentid>0</parentid>
      <name>mainlycontent</name>
      <editor></editor>
      <value></value>
    </row>
    <row>
      <id>2</id>
      <parentid>0</parentid>
      <name>input_output</name>
      <editor></editor>
      <value></value>
    </row>
    <row>
      <id>3</id>
      <parentid>0</parentid>
      <name>log</name>
      <editor></editor>
      <value></value>
    </row>
    <row>
      <id>1.1</id>
      <parentid>1</parentid>
      <name>name</name>
      <editor>textbox</editor>
      <value>162164_MDMS_Oasys_Submit_Load_Marks</value>
      <islistshow>1</islistshow>
      <listfieldname>name</listfieldname>
      <listfield>
        <field>name</field>
        <width>100</width>
        <headeralign>center</headeralign>
        <headercls>grid_header</headercls>
        <allowsort>true</allowsort>
        <columnname>名称</columnname>
      </listfield>
    </row>
    <row>
      <id>1.2</id>
      <parentid>1</parentid>
      <name>description</name>
      <editor>textbox</editor>
      <value></value>
      <islistshow>1</islistshow>
      <listfieldname>description</listfieldname>
      <listfield>
        <field>description</field>
        <width>100</width>
        <headeralign>center</headeralign>
        <headercls>grid_header</headercls>
        <allowsort>true</allowsort>
        <columnname>描述</columnname>
      </listfield>
    </row>
    <row>
      <id>1.3</id>
      <parentid>1</parentid>
      <name>machinename</name>
      <editor>textbox</editor>
      <value>V162164cpsprappr02</value>
      <islistshow>1</islistshow>
      <listfieldname>machinename</listfieldname>
      <listfield>
        <field>machinename</field>
        <width>100</width>
        <headeralign>center</headeralign>
        <headercls>grid_header</headercls>
        <allowsort>true</allowsort>
        <columnname>机器名称</columnname>
      </listfield>
    </row>
    <row>
      <id>1.4</id>
      <parentid>1</parentid>
      <name>owner</name>
      <editor>textbox</editor>
      <value>polypath_autosys_pr@nam</value>
      <islistshow>1</islistshow>
      <listfieldname>owner</listfieldname>
      <listfield>
        <field>owner</field>
        <width>100</width>
        <headeralign>center</headeralign>
        <headercls>grid_header</headercls>
        <allowsort>true</allowsort>
        <columnname>运行账号</columnname>
      </listfield>
    </row>
    <row>
      <id>1.5</id>
      <parentid>1</parentid>
      <name>command</name>
      <editor>textbox</editor>
      <value>%MBSRootDir%\\opt\\spirit\\scripts\\batch\\MDMS_OASYS_Submission_Load_Marks.bat</value>
      <islistshow>1</islistshow>
      <listfieldname>command</listfieldname>
      <listfield>
        <field>command</field>
        <width>100</width>
        <headeralign>center</headeralign>
        <headercls>grid_header</headercls>
        <allowsort>true</allowsort>
        <columnname>命令</columnname>
      </listfield>
    </row>
    <row>
      <id>1.6</id>
      <parentid>1</parentid>
      <name>bussinessbackground</name>
      <editor>textbox</editor>
      <value>i do not know</value>
      <islistshow>1</islistshow>
      <listfieldname>bussinessbackground</listfieldname>
      <listfield>
        <field>bussinessbackground</field>
        <width>100</width>
        <headeralign>center</headeralign>
        <headercls>grid_header</headercls>
        <allowsort>true</allowsort>
        <columnname>业务背景</columnname>
      </listfield>
    </row>
    <row>
      <id>1.7</id>
      <parentid>1</parentid>
      <name>createdate</name>
      <editor>textbox</editor>
      <value>20170307</value>
      <islistshow>0</islistshow>
      <listfieldname>createdate</listfieldname>
      <listfield>
        <field>createdate</field>
        <width>100</width>
        <headeralign>center</headeralign>
        <headercls>grid_header</headercls>
        <allowsort>true</allowsort>
        <columnname>创建日期</columnname>
      </listfield>
    </row>
    <row>
      <id>1.8</id>
      <parentid>1</parentid>
      <name>xmlfilename</name>
      <editor>textbox</editor>
      <value>162164_MDMS_Oasys_Submit_Load_Marks.xml</value>
      <islistshow>1</islistshow>
      <listfieldname>xmlfilename</listfieldname>
      <listfield>
        <field>xmlfilename</field>
        <width>100</width>
        <headeralign>center</headeralign>
        <headercls>grid_header</headercls>
        <allowsort>true</allowsort>
        <columnname>xml文件</columnname>
      </listfield>
    </row>
    <row>
      <id>2.1</id>
      <parentid>2</parentid>
      <name>relationtable</name>
      <editor>textbox</editor>
      <value>MK_Submit_ABX_Oasys;MK_Submit_IOS_Oasys_Beta;MK_Submit_CMBS_Oasys;MK_Submit_TermFees_Oasys;MK_Submit_gsm_abcds_Oasys</value>
      <islistshow>1</islistshow>
      <listfieldname>relationtable</listfieldname>
      <listfield>
        <field>relationtable</field>
        <width>100</width>
        <headeralign>center</headeralign>
        <headercls>grid_header</headercls>
        <allowsort>true</allowsort>
        <columnname>涉及表</columnname>
      </listfield>
    </row>
    <row>
      <id>2.2</id>
      <parentid>2</parentid>
      <name>relationfile</name>
      <editor>textbox</editor>
      <value></value>
      <islistshow>1</islistshow>
      <listfieldname>relationfile</listfieldname>
      <listfield>
        <field>relationfile</field>
        <width>100</width>
        <headeralign>center</headeralign>
        <headercls>grid_header</headercls>
        <allowsort>true</allowsort>
        <columnname>涉及文件</columnname>
      </listfield>
    </row>
    <row>
      <id>3.1</id>
      <parentid>3</parentid>
      <name>logpath</name>
      <editor>textbox</editor>
      <value>%MBSRootDir%\\data\\mbspoly\\log\\Autosys\\MDMS_OASYS_Submit_Load_Marks.log</value>
      <islistshow>1</islistshow>
      <listfieldname>logpath</listfieldname>
      <listfield>
        <field>logpath</field>
        <width>100</width>
        <headeralign>center</headeralign>
        <headercls>grid_header</headercls>
        <allowsort>true</allowsort>
        <columnname>日志文件</columnname>
      </listfield>
    </row>
    <row>
      <id>3.2</id>
      <parentid>3</parentid>
      <name>errorlogpath</name>
      <editor>textbox</editor>
      <value>%MBSRootDir%\\data\\mbspoly\\log\\Autosys\\MDMS_OASYS_Submit_Load_Marks.err</value>
      <islistshow>1</islistshow>
      <listfieldname>errorlogpath</listfieldname>
      <listfield>
        <field>errorlogpath</field>
        <width>100</width>
        <headeralign>center</headeralign>
        <headercls>grid_header</headercls>
        <allowsort>true</allowsort>
        <columnname>Error文件</columnname>
      </listfield>
    </row>
  </rows>
  <detail>
    <visio visioname="162164_MDMS_Oasys_Submit_Load_Marks">
      <step>
        <stepid>-2</stepid>
        <stepname>Exec MK_Submit_ABX_Oasys</stepname>
        <steptype>normal</steptype>
        <targetfile></targetfile>
        <detail>
          <summary editor="text">更新表 MK_ABX_MARKS_MTM, 从MK_ABX_MARKS_MTM 取数重新插入到MK_OASYS_FEED</summary>
          <description editor="text">执行 MK_Submit_ABX_Oasys</description>
          <logic editor="textarea">更新表 MK_ABX_MARKS_MTM, 从MK_ABX_MARKS_MTM 取数重新插入到MK_OASYS_FEED</logic>
          <contacttables editor="textarea">MK_ABX_MARKS_MTM;MK_MORT_DERIV_TXNS;MK_OASYS_FEED</contacttables>
          <contactfiles editor="textarea"></contactfiles>
        </detail>
      </step>
      <step>
        <stepid>-3</stepid>
        <stepname>Exec MK_Submit_gsm_abcds_Oasys</stepname>
        <steptype>normal</steptype>
        <targetfile></targetfile>
        <detail>
          <summary editor="text">执行 MK_Submit_gsm_abcds_Oasys</summary>
          <description editor="text">执行 MK_Submit_gsm_abcds_Oasys</description>
          <logic editor="textarea">执行 MK_Submit_gsm_abcds_Oasys</logic>
          <contacttables editor="textarea">MK_OASYS_FEED;MK_MORT_DERIV_TRADES</contacttables>
          <contactfiles editor="textarea"></contactfiles>
        </detail>
      </step>
      <step>
        <stepid>-4</stepid>
        <stepname>Exec MK_Submit_TermFees_Oasys</stepname>
        <steptype>normal</steptype>
        <targetfile></targetfile>
        <detail>
          <summary editor="text">执行 MK_Submit_TermFees_Oasys</summary>
          <description editor="text">执行 MK_Submit_TermFees_Oasys</description>
          <logic editor="textarea">执行 MK_Submit_TermFees_Oasys</logic>
          <contacttables editor="textarea">MK_OASYS_FEED;PositionMaster</contacttables>
          <contactfiles editor="textarea"></contactfiles>
        </detail>
      </step>
      <step>
        <stepid>-5</stepid>
        <stepname>Exec MK_Submit_CMBS_Oasys</stepname>
        <steptype>normal</steptype>
        <targetfile></targetfile>
        <detail>
          <summary editor="text">从Speedgsm.price.GetMarks_Service 取数重新插入到MK_OASYS_FEED</summary>
          <description editor="text">执行 MK_Submit_CMBS_Oasys</description>
          <logic editor="textarea">从Speedgsm.price.GetMarks_Service 取数重新插入到MK_OASYS_FEED</logic>
          <contacttables editor="textarea">MK_OASYS_FEED;fn_positionset2;MK_MORT_DERIV_TRADES;MK_MORT_DERIV_TXNS</contacttables>
          <contactfiles editor="textarea"></contactfiles>
        </detail>
      </step>
      <step>
        <stepid>-6</stepid>
        <stepname>Exec MK_Submit_IOS_Oasys_Beta</stepname>
        <steptype>normal</steptype>
        <targetfile></targetfile>
        <detail>
          <summary editor="text">更新表 MK_IOS_MARKS_MTM, 从MK_IOS_MARKS_MTM 取数重新插入到MK_OASYS_FEED</summary>
          <description editor="text">执行 MK_Submit_gsm_abcds_Oasys</description>
          <logic editor="textarea">更新表 MK_IOS_MARKS_MTM, 从MK_IOS_MARKS_MTM 取数重新插入到MK_OASYS_FEED</logic>
          <contacttables editor="textarea">MK_ABX_MARKS_MTM;MK_MORT_DERIV_TXNS;MK_OASYS_FEED</contacttables>
          <contactfiles editor="textarea"></contactfiles>
        </detail>
      </step>
      <location>
        { "class": "go.GraphLinksModel",
        "linkFromPortIdProperty": "fromPort",
        "linkToPortIdProperty": "toPort",
        "modelData": {"position":"-50.76142374915397 67.66279069767441"},
        "nodeDataArray": [
        {"text":"Exec MK_Submit_ABX_Oasys", "figure":"CreateRequest", "fill":"#FFCC22", "size":"305 62", "key":-2, "loc":"260 30"},
        {"text":"Exec MK_Submit_gsm_abcds_Oasys", "figure":"CreateRequest", "fill":"#FFCC22", "size":"305 62", "key":-3, "loc":"260 520"},
        {"text":"Exec MK_Submit_TermFees_Oasys", "figure":"CreateRequest", "fill":"#FFCC22", "size":"305 62", "key":-4, "loc":"260 400"},
        {"text":"Exec MK_Submit_CMBS_Oasys", "figure":"CreateRequest", "fill":"#FFCC22", "size":"305 62", "key":-5, "loc":"260 280"},
        {"text":"Exec MK_Submit_IOS_Oasys_Beta", "figure":"CreateRequest", "fill":"#FFCC22", "size":"305 62", "key":-6, "loc":"260 160"}
        ],
        "linkDataArray": [
        {"from":-2, "to":-6, "fromPort":"B", "toPort":"T", "points":[260,61,260,71,260,95,260,95,260,119,260,129]},
        {"from":-6, "to":-5, "fromPort":"B", "toPort":"T", "points":[260,191,260,201,260,220,260,220,260,239,260,249]},
        {"from":-5, "to":-4, "fromPort":"B", "toPort":"T", "points":[260,311,260,321,260,340,260,340,260,359,260,369]},
        {"from":-4, "to":-3, "fromPort":"B", "toPort":"T", "points":[260,431,260,441,260,460,260,460,260,479,260,489]}
        ]}
      </location>
    </visio>
    <solve>
      <p>
        如果发现错误,请按照如下步骤操作.
      </p>
      <p>
        1.到 <span style="background-color:#FFE500;">%MBSRootDir%ASCII(92)dataASCII(92)mbspolyASCII(92)logASCII(92)AutosysASCII(92)MDMS_OASYS_Submit_Load_Marks.log</span> 查看相应错误日志
      </p>
    </solve>
    <errorlog>
      <log>
        <id>1</id>
        <time>2017-03-01</time>
        <issue>162164_MDMS_Oasys_Submit_Load_Marks failed and downstream not receive the file</issue>
        <cause>sql upgrade and on-ice any MDMS job</cause>
        <status>success</status>
        <resolve>rerun job</resolve>
        <attachment></attachment>
      </log>
    </errorlog>
    <relation>
      <flow>
        <downstream filename="162164_MDMS_OASYS_CreatePackage_EMEA.xml" pagetype="job" status="edit"></downstream>
        <downstream filename="162164_MDMS_OASYS_CreatePackage_NAM.xml" pagetype="job" status="edit"></downstream>
      </flow>
    </relation>
  </detail>
</root>