﻿<?xml version="1.0" encoding="utf-8"?>
<root>
  <rows>
    <row>
      <id>1</id>
      <parentid>0</parentid>
      <name>mainlycontent</name>
      <editor>
      </editor>
      <value>
      </value>
    </row>
    <row>
      <id>1.1</id>
      <parentid>1</parentid>
      <name>name</name>
      <editor>textbox</editor>
      <value>162164_MDMS_SPG_Dms</value>
      <datasource>
      </datasource>
      <listfieldname>name</listfieldname>
    </row>
    <row>
      <id>1.2</id>
      <parentid>1</parentid>
      <name>description</name>
      <editor>textbox</editor>
      <value>composite xml file from spirit db and send xml to Thetica and save output xml to proc machine</value>
      <datasource>
      </datasource>
      <listfieldname>description</listfieldname>
    </row>
    <row>
      <id>1.3</id>
      <parentid>1</parentid>
      <name>machinename</name>
      <editor>combobox</editor>
      <value>V162164cpsprappr02</value>
      <datasource>machine</datasource>
      <listfieldname>machinename</listfieldname>
    </row>
    <row>
      <id>1.4</id>
      <parentid>1</parentid>
      <name>owner</name>
      <editor>combobox</editor>
      <value>polypath_autosys_pr@nam</value>
      <datasource>owner</datasource>
      <listfieldname>owner</listfieldname>
    </row>
    <row>
      <id>1.5</id>
      <parentid>1</parentid>
      <name>command</name>
      <editor>textbox</editor>
      <value>%MBSRootDir%\\opt\\spirit\\scripts\\batch\\MDMS_Reports.bat</value>
      <datasource>
      </datasource>
      <listfieldname>command</listfieldname>
    </row>
    <row>
      <id>1.6</id>
      <parentid>1</parentid>
      <name>bussinessbackground</name>
      <editor>textbox</editor>
      <value>calculate for thetica</value>
      <datasource>
      </datasource>
      <listfieldname>bussinessbackground</listfieldname>
    </row>
    <row>
      <id>1.7</id>
      <parentid>1</parentid>
      <name>createdate</name>
      <editor>textbox</editor>
      <value>2017-05-22</value>
      <datasource>
      </datasource>
      <listfieldname>createdate</listfieldname>
    </row>
    <row>
      <id>1.8</id>
      <parentid>1</parentid>
      <name>xmlfilename</name>
      <editor>
      </editor>
      <value>162164_MDMS_SPG_Dms.xml</value>
      <datasource>
      </datasource>
      <listfieldname>xmlfilename</listfieldname>
    </row>
    <row>
      <id>2</id>
      <parentid>0</parentid>
      <name>input_output</name>
      <editor>
      </editor>
      <value>
      </value>
    </row>
    <row>
      <id>2.1</id>
      <parentid>2</parentid>
      <name>relationtable</name>
      <editor>textbox</editor>
      <value></value>
      <datasource>
      </datasource>
      <listfieldname>relationtable</listfieldname>
    </row>
    <row>
      <id>2.2</id>
      <parentid>2</parentid>
      <name>relationfile</name>
      <editor>textbox</editor>
      <value></value>
      <datasource>
      </datasource>
      <listfieldname>relationfile</listfieldname>
    </row>
    <row>
      <id>3</id>
      <parentid>0</parentid>
      <name>log</name>
      <editor>
      </editor>
      <value>
      </value>
    </row>
    <row>
      <id>3.1</id>
      <parentid>3</parentid>
      <name>logpath</name>
      <editor>textbox</editor>
      <value></value>
      <datasource>
      </datasource>
      <listfieldname>logpath</listfieldname>
    </row>
    <row>
      <id>3.2</id>
      <parentid>3</parentid>
      <name>errorlogpath</name>
      <editor>textbox</editor>
      <value></value>
      <datasource>
      </datasource>
      <listfieldname>errorlogpath</listfieldname>
    </row>
  </rows>
  <detail>
    <visio visioname="162164_MDMS_SPG_Dms">
      <step>
        <stepid>-2</stepid>
        <stepname>get data from MK_ABCDS_Unique_EMEA_SPG_Final</stepname>
        <steptype>normal</steptype>
        <targetfile></targetfile>
        <targetpagetype></targetpagetype>
        <detail>
          <logic editor="textarea">get data from MK_ABCDS_Unique_EMEA_SPG_Final</logic>
          <contacttables editor="textarea">MK_ABCDS_Unique_EMEA_SPG_Final</contacttables>
          <contactfiles editor="textarea">
          </contactfiles>
        </detail>
      </step>
      <step>
        <stepid>-3</stepid>
        <stepname>get data from MK_ABCDS_Unique_NY_SPG_Final</stepname>
        <steptype>normal</steptype>
        <targetfile>
        </targetfile>
        <targetpagetype>
        </targetpagetype>
        <detail>
          <logic editor="textarea">get data from MK_ABCDS_Unique_NY_SPG_Final</logic>
          <contacttables editor="textarea">MK_ABCDS_Unique_NY_SPG_Final</contacttables>
          <contactfiles editor="textarea"></contactfiles>
        </detail>
      </step>
      <step>
        <stepid>-4</stepid>
        <stepname>Run MDMS_To_Thetica.bat</stepname>
        <steptype>normal</steptype>
        <targetfile>
        </targetfile>
        <targetpagetype>
        </targetpagetype>
        <detail>
          <logic editor="textarea">Run MDMS_To_Thetica.bat</logic>
          <contacttables editor="textarea"></contacttables>
          <contactfiles editor="textarea">citi_ABCDS.xml</contactfiles>
        </detail>
      </step>
      <step>
        <stepid>-5</stepid>
        <stepname>Save Thetica OutputXML to Proc</stepname>
        <steptype>normal</steptype>
        <targetfile>
        </targetfile>
        <targetpagetype>
        </targetpagetype>
        <detail>
          <logic editor="textarea">Save Thetica OutputXML to Proc</logic>
          <contacttables editor="textarea"></contacttables>
          <contactfiles editor="textarea">citi_ABCDS.xml</contactfiles>
        </detail>
      </step>
      <step>
        <stepid>-6</stepid>
        <stepname>Save Thetica InputXML to Proc</stepname>
        <steptype>normal</steptype>
        <targetfile>
        </targetfile>
        <targetpagetype>
        </targetpagetype>
        <detail>
          <logic editor="textarea">Save Thetica InputXML to Proc</logic>
          <contacttables editor="textarea"></contacttables>
          <contactfiles editor="textarea">citi_ABCDS.xml</contactfiles>
        </detail>
      </step>
      <location>
        { "class": "go.GraphLinksModel",
        "linkFromPortIdProperty": "fromPort",
        "linkToPortIdProperty": "toPort",
        "modelData": {"position":"-50.76142374915397 67.66279069767441"},
        "nodeDataArray": [
        {"text":"get data from MK_ABCDS_Unique_EMEA_SPG_Final", "figure":"CreateRequest", "fill":"#FFCC22", "size":"460 89", "key":-2, "loc":"-170 -800"},
        {"text":"get data from MK_ABCDS_Unique_NY_SPG_Final", "figure":"CreateRequest", "fill":"#FFCC22", "size":"460 89", "key":-3, "loc":"380 -800"},
        {"text":"Save Thetica InputXML to Proc", "figure":"RoundedRectangle", "fill":"lightyellow", "key":-6, "loc":"100 -650", "size":"281 49"},
        {"text":"Run MDMS_To_Thetica.bat", "figure":"CreateRequest", "fill":"#FFCC22", "size":"394 70", "key":-4, "loc":"100 -530"},
        {"text":"Save Thetica OutputXML to Proc", "figure":"CreateRequest", "fill":"#FFCC22", "size":"394 70", "key":-5, "loc":"100 -400"}
        ],
        "linkDataArray": [
        {"from":-2, "to":-6, "fromPort":"B", "toPort":"L", "points":[-170,-755.5,-170,-745.5,-170,-650,-110.25,-650,-50.5,-650,-40.5,-650], "text":"Composite"},
        {"from":-3, "to":-6, "fromPort":"B", "toPort":"R", "points":[380,-755.5,380,-745.5,380,-650,315.25,-650,250.5,-650,240.5,-650], "text":"Composite"},
        {"from":-6, "to":-4, "fromPort":"B", "toPort":"T", "points":[100,-625.5,100,-615.5,100,-595.25,100,-595.25,100,-575,100,-565]},
        {"from":-4, "to":-5, "fromPort":"B", "toPort":"T", "points":[100,-495,100,-485,100,-465,100,-465,100,-445,100,-435]}
        ]}
      </location>
    </visio>
    <solve></solve>
    <errorlog>
    </errorlog>
    <relation>
    </relation>
  </detail>
</root>