﻿<?xml version="1.0" encoding="utf-8" ?>
<root>
  <rows>
    <row>
      <id>1</id>
      <parentid>0</parentid>
      <name>主要信息</name>
      <editor></editor>
      <value>測試</value>
    </row>
    <row>
      <id>2</id>
      <parentid>0</parentid>
      <name>执行内容</name>
      <editor></editor>
      <value>測試</value>
    </row>
    <row>
      <id>3</id>
      <parentid>0</parentid>
      <name>环境参数</name>
      <editor></editor>
      <value>測試</value>
    </row>
    <row>
      <id>4</id>
      <parentid>0</parentid>
      <name>时间参数</name>
      <editor></editor>
      <value>測試</value>
    </row>
    <row>
      <id>4.1</id>
      <parentid>4</parentid>
      <name>日期</name>
      <editor>combobox</editor>
      <value>測試</value>
    </row>
    <row>
      <id>4.2</id>
      <parentid>4</parentid>
      <name>时间</name>
      <editor>combobox</editor>
      <value>測試</value>
    </row>
    <row>
      <id>5</id>
      <parentid>0</parentid>
      <name>其他信息</name>
      <editor></editor>
      <value>測試</value>
    </row>
    <row>
      <id>5.1</id>
      <parentid>5</parentid>
      <name>警告</name>
      <editor></editor>
      <value>測試</value>
    </row>
    <row>
      <id>5.2</id>
      <parentid>5</parentid>
      <name>服务信息</name>
      <editor></editor>
      <value>測試</value>
    </row>
    <row>
      <id>1.1</id>
      <parentid>1</parentid>
      <name>名称</name>
      <editor>textbox</editor>
      <value>測試</value>
    </row>
    <row>
      <id>1.2</id>
      <parentid>1</parentid>
      <name>描述</name>
      <editor>textbox</editor>
      <value>測試</value>
    </row>
    <row>
      <id>1.3</id>
      <parentid>1</parentid>
      <name>机器名称</name>
      <editor>combobox</editor>
      <value>測試</value>
    </row>
    <row>
      <id>1.4</id>
      <parentid>1</parentid>
      <name>条件</name>
      <editor>textbox</editor>
      <value>測試</value>
    </row>
    <row>
      <id>1.5</id>
      <parentid>1</parentid>
      <name>所有者</name>
      <editor>textbox</editor>
      <value>測試</value>
    </row>
    <row>
      <id>1.6</id>
      <parentid>1</parentid>
      <name>Box</name>
      <editor>textbox</editor>
      <value>測試</value>
    </row>
    <row>
      <id>2.1</id>
      <parentid>2</parentid>
      <name>执行语句</name>
      <editor>textbox</editor>
      <value>測試</value>
    </row>
    <row>
      <id>2.2</id>
      <parentid>2</parentid>
      <name>日志文件</name>
      <editor>textbox</editor>
      <value>測試</value>
      <islistshow>1</islistshow>
      <listfieldname>autosyslog</listfieldname>
    </row>
    <row>
      <id>2.3</id>
      <parentid>2</parentid>
      <name>错误日志</name>
      <editor>textbox</editor>
      <value>測試</value>
    </row>
    <row>
      <id>3.1</id>
      <parentid>3</parentid>
      <name>环境变量</name>
      <editor>textbox</editor>
      <value>測試</value>
    </row>
    <row>
      <id>4.3</id>
      <parentid>4</parentid>
      <name>优先级</name>
      <editor>textbox</editor>
      <value>測試</value>
    </row>
    <row>
      <id>4.1.1</id>
      <parentid>4.1</parentid>
      <name>运行日期</name>
      <editor>textbox</editor>
      <value>測試</value>
    </row>
    <row>
      <id>4.1.2</id>
      <parentid>4.1</parentid>
      <name>排除日期</name>
      <editor>textbox</editor>
      <value>測試</value>
    </row>
    <row>
      <id>4.2.1</id>
      <parentid>4.2</parentid>
      <name>运行周期</name>
      <editor>textbox</editor>
      <value>測試</value>
    </row>
  </rows>
  <detail>
    <visio visioname="162164_EMEA_GSM_ABCDS_Marks">
      <step>
        <stepid>-2</stepid>
        <stepname>Delete MK_ABCDS_EMEA_GSM_MARKS</stepname>
        <steptype>normal</steptype>
        <targetfile></targetfile>
        <detail>
          <summary editor="text">summary1</summary>
          <description editor="text">description1</description>
          <logic editor="textarea">logic1</logic>
          <contacttables editor="textarea">contacttables1</contacttables>
          <contactfiles editor="textarea">contactfiles1</contactfiles>
        </detail>
      </step>
      <step>
        <stepid>-3</stepid>
        <stepname>Load MK_ABCDS_EMEA_GSM_MARKS</stepname>
        <steptype>normal</steptype>
        <targetfile></targetfile>
        <detail>
          <summary editor="text">summary2</summary>
          <description editor="text">description2</description>
          <logic editor="textarea">logic2</logic>
          <contacttables editor="textarea">contacttables2</contacttables>
          <contactfiles editor="textarea">contactfiles2</contactfiles>
        </detail>
      </step>
      <step>
        <stepid>-4</stepid>
        <stepname>ValuationDate</stepname>
        <steptype>normal</steptype>
        <targetfile></targetfile>
      </step>
      <step>
        <stepid>-5</stepid>
        <stepname>Insert MK_ABCDS_EMEA_GSM_MARKS</stepname>
        <steptype>normal</steptype>
        <targetfile></targetfile>
      </step>
      <step>
        <stepid>-6</stepid>
        <stepname>Insert MK_OASYS_FEED</stepname>
        <steptype>normal</steptype>
        <targetfile></targetfile>
      </step>
      <step>
        <stepid>-7</stepid>
        <stepname>Create EMEA_GSM_ABCDS_toOASYS.txt file</stepname>
        <steptype>normal</steptype>
        <targetfile></targetfile>
      </step>
      <step>
        <stepid>-8</stepid>
        <stepname>Create GSMEmeaAbcdsEmail.csv file</stepname>
        <steptype>normal</steptype>
        <targetfile></targetfile>
      </step>
      <step>
        <stepid>-9</stepid>
        <stepname>Create Factors.csv file</stepname>
        <steptype>normal</steptype>
        <targetfile></targetfile>
      </step>
      <step>
        <stepid>-10</stepid>
        <stepname>Send Email</stepname>
        <steptype>visio</steptype>
        <targetfile>alljobs.xml</targetfile>
        <targetpagetype>global</targetpagetype>
      </step>
      <location>
        { "class": "go.GraphLinksModel",
        "linkFromPortIdProperty": "fromPort",
        "linkToPortIdProperty": "toPort",
        "modelData": {"position":"-50.76142374915397 67.66279069767441"},
        "nodeDataArray": [
        {"text":"Delete MK_ABCDS_EMEA_GSM_MARKS", "figure":"CreateRequest", "fill":"#FFCC22", "size":"338 70", "key":-2, "loc":"-170 -240"},
        {"text":"ValuationDate", "figure":"Diamond", "fill":"lightskyblue", "key":-4, "loc":"70 -370", "size":"230 80"},
        {"text":"Load MK_ABCDS_EMEA_GSM_MARKS", "figure":"CreateRequest", "fill":"#FFCC22", "size":"351 70", "key":-3, "loc":"330 -240"},
        {"text":"Insert MK_ABCDS_EMEA_GSM_MARKS", "figure":"CreateRequest", "fill":"#FFCC22", "size":"333 70", "key":-5, "loc":"-170 -90"},
        {"text":"Insert MK_OASYS_FEED", "figure":"Database", "fill":"lightgray", "key":-6, "loc":"80 60", "size":"204 70"},
        {"text":"Create EMEA_GSM_ABCDS_toOASYS.txt file", "figure":"CreateRequest", "fill":"#FFCC22", "size":"361 66", "key":-7, "loc":"80 190"},
        {"text":"Create GSMEmeaAbcdsEmail.csv file", "figure":"CreateRequest", "fill":"#FFCC22", "size":"361 66", "key":-8, "loc":"80 320"},
        {"text":"Create Factors.csv file", "figure":"CreateRequest", "fill":"#FFCC22", "size":"361 66", "key":-9, "loc":"80 450"},
        {"text":"Send Email", "figure":"CreateRequest", "fill":"#FFCC22", "size":"361 66", "key":-10, "loc":"80 580"}
        ],
        "linkDataArray": [
        {"from":-4, "to":-2, "fromPort":"L", "toPort":"T", "points":[-45,-370,-55,-370,-170,-370,-170,-327.5,-170,-285,-170,-275], "text":"After Today"},
        {"from":-4, "to":-3, "fromPort":"R", "toPort":"T", "points":[185,-370,195,-370,330,-370,330,-327.5,330,-285,330,-275], "text":"Before Today"},
        {"from":-2, "to":-5, "fromPort":"B", "toPort":"T", "points":[-170,-205,-170,-195,-170,-165,-170,-165,-170,-135,-170,-125]},
        {"from":-5, "to":-6, "fromPort":"B", "toPort":"L", "points":[-170,-55,-170,-45,-170,60,-101,60,-32,60,-22,60]},
        {"from":-3, "to":-6, "fromPort":"B", "toPort":"R", "points":[330,-205,330,-195,330,60,261,60,192,60,182,60]},
        {"from":-6, "to":-7, "fromPort":"B", "toPort":"T", "points":[80,95,80,105,80,126,80,126,80,147,80,157]},
        {"from":-7, "to":-8, "fromPort":"B", "toPort":"T", "points":[80,223,80,233,80,255,80,255,80,277,80,287]},
        {"from":-8, "to":-9, "fromPort":"B", "toPort":"T", "points":[80,353,80,363,80,385,80,385,80,407,80,417]},
        {"from":-9, "to":-10, "fromPort":"B", "toPort":"T", "points":[80,483,80,493,80,515,80,515,80,537,80,547]}
        ]}
      </location>
    </visio>
  </detail>
</root>