﻿<?xml version="1.0" encoding="utf-8" ?>
<root>
  <rows>
    <row>
      <id>1</id>
      <parentid>0</parentid>
      <name>mainlycontent</name>
      <editor></editor>
      <value></value>
    </row>
    <row>
      <id>2</id>
      <parentid>0</parentid>
      <name>input_output</name>
      <editor></editor>
      <value></value>
    </row>
    <row>
      <id>3</id>
      <parentid>0</parentid>
      <name>log</name>
      <editor></editor>
      <value></value>
    </row>
    <row>
      <id>1.1</id>
      <parentid>1</parentid>
      <name>name</name>
      <editor>textbox</editor>
      <value>MDMSDownloadTrades</value>
      <islistshow>1</islistshow>
      <listfieldname>name</listfieldname>
      <listfield>
        <field>name</field>
        <width>100</width>
        <headeralign>center</headeralign>
        <headercls>grid_header</headercls>
        <allowsort>true</allowsort>
        <columnname>名称</columnname>
      </listfield>
    </row>
    <row>
      <id>1.2</id>
      <parentid>1</parentid>
      <name>description</name>
      <editor>textbox</editor>
      <value>DownloadTreade之后生成Report</value>
      <islistshow>1</islistshow>
      <listfieldname>description</listfieldname>
      <listfield>
        <field>description</field>
        <width>100</width>
        <headeralign>center</headeralign>
        <headercls>grid_header</headercls>
        <allowsort>true</allowsort>
        <columnname>描述</columnname>
      </listfield>
    </row>
    <row>
      <id>1.3</id>
      <parentid>1</parentid>
      <name>machinename</name>
      <editor>textbox</editor>
      <value>V162164cpsprappr02</value>
      <islistshow>1</islistshow>
      <listfieldname>machinename</listfieldname>
      <listfield>
        <field>machinename</field>
        <width>100</width>
        <headeralign>center</headeralign>
        <headercls>grid_header</headercls>
        <allowsort>true</allowsort>
        <columnname>机器名称</columnname>
      </listfield>
    </row>
    <row>
      <id>1.4</id>
      <parentid>1</parentid>
      <name>owner</name>
      <editor>textbox</editor>
      <value>polypath_autosys_pr@nam</value>
      <islistshow>1</islistshow>
      <listfieldname>owner</listfieldname>
      <listfield>
        <field>owner</field>
        <width>100</width>
        <headeralign>center</headeralign>
        <headercls>grid_header</headercls>
        <allowsort>true</allowsort>
        <columnname>运行账号</columnname>
      </listfield>
    </row>
    <row>
      <id>1.5</id>
      <parentid>1</parentid>
      <name>command</name>
      <editor>textbox</editor>
      <value></value>
      <islistshow>1</islistshow>
      <listfieldname>command</listfieldname>
      <listfield>
        <field>command</field>
        <width>100</width>
        <headeralign>center</headeralign>
        <headercls>grid_header</headercls>
        <allowsort>true</allowsort>
        <columnname>命令</columnname>
      </listfield>
    </row>
    <row>
      <id>1.6</id>
      <parentid>1</parentid>
      <name>bussinessbackground</name>
      <editor>textbox</editor>
      <value>DownloadTreade之后生成Report</value>
      <islistshow>1</islistshow>
      <listfieldname>bussinessbackground</listfieldname>
      <listfield>
        <field>bussinessbackground</field>
        <width>100</width>
        <headeralign>center</headeralign>
        <headercls>grid_header</headercls>
        <allowsort>true</allowsort>
        <columnname>业务背景</columnname>
      </listfield>
    </row>
    <row>
      <id>1.7</id>
      <parentid>1</parentid>
      <name>createdate</name>
      <editor>textbox</editor>
      <value>2017-03-07</value>
      <islistshow>0</islistshow>
      <listfieldname>createdate</listfieldname>
      <listfield>
        <field>createdate</field>
        <width>100</width>
        <headeralign>center</headeralign>
        <headercls>grid_header</headercls>
        <allowsort>true</allowsort>
        <columnname>创建日期</columnname>
      </listfield>
    </row>
    <row>
      <id>1.8</id>
      <parentid>1</parentid>
      <name>xmlfilename</name>
      <editor>textbox</editor>
      <value>MDMSDownloadTrades.xml</value>
      <islistshow>1</islistshow>
      <listfieldname>xmlfilename</listfieldname>
      <listfield>
        <field>xmlfilename</field>
        <width>100</width>
        <headeralign>center</headeralign>
        <headercls>grid_header</headercls>
        <allowsort>true</allowsort>
        <columnname>xml文件</columnname>
      </listfield>
    </row>
    <row>
      <id>2.1</id>
      <parentid>2</parentid>
      <name>relationtable</name>
      <editor>textbox</editor>
      <value></value>
      <islistshow>1</islistshow>
      <listfieldname>relationtable</listfieldname>
      <listfield>
        <field>relationtable</field>
        <width>100</width>
        <headeralign>center</headeralign>
        <headercls>grid_header</headercls>
        <allowsort>true</allowsort>
        <columnname>涉及表</columnname>
      </listfield>
    </row>
    <row>
      <id>2.2</id>
      <parentid>2</parentid>
      <name>relationfile</name>
      <editor>textbox</editor>
      <value></value>
      <islistshow>1</islistshow>
      <listfieldname>relationfile</listfieldname>
      <listfield>
        <field>relationfile</field>
        <width>100</width>
        <headeralign>center</headeralign>
        <headercls>grid_header</headercls>
        <allowsort>true</allowsort>
        <columnname>涉及文件</columnname>
      </listfield>
    </row>
    <row>
      <id>3.1</id>
      <parentid>3</parentid>
      <name>logpath</name>
      <editor>textbox</editor>
      <value></value>
      <islistshow>1</islistshow>
      <listfieldname>logpath</listfieldname>
      <listfield>
        <field>logpath</field>
        <width>100</width>
        <headeralign>center</headeralign>
        <headercls>grid_header</headercls>
        <allowsort>true</allowsort>
        <columnname>日志文件</columnname>
      </listfield>
    </row>
    <row>
      <id>3.2</id>
      <parentid>3</parentid>
      <name>errorlogpath</name>
      <editor>textbox</editor>
      <value></value>
      <islistshow>1</islistshow>
      <listfieldname>errorlogpath</listfieldname>
      <listfield>
        <field>errorlogpath</field>
        <width>100</width>
        <headeralign>center</headeralign>
        <headercls>grid_header</headercls>
        <allowsort>true</allowsort>
        <columnname>Error文件</columnname>
      </listfield>
    </row>
  </rows>
  <detail>
    <visio visioname="MDMSDownloadTrades">
      <step>
        <stepid>-2</stepid>
        <stepname>MDMSTradeDownload.exe</stepname>
        <steptype>visio</steptype>
        <targetfile>MDMSTradeDownLoad.xml</targetfile>
        <targetpagetype>normal</targetpagetype>
      </step>
      <step>
        <stepid>-3</stepid>
        <stepname>CSVReportGenerator.exe</stepname>
        <steptype>visio</steptype>
        <targetfile>CSVReportGenerator.xml</targetfile>
        <targetpagetype>normal</targetpagetype>
      </step>
      <location>
        { "class": "go.GraphLinksModel",
        "linkFromPortIdProperty": "fromPort",
        "linkToPortIdProperty": "toPort",
        "modelData": {"position":"-50.76142374915397 67.66279069767441"},
        "nodeDataArray": [
        {"text":"MDMSTradeDownload.exe", "figure":"CreateRequest", "fill":"#FFCC22", "size":"296 70", "key":-2, "loc":"260 -270"},
        {"text":"CSVReportGenerator.exe", "figure":"CreateRequest", "fill":"#FFCC22", "size":"296 70", "key":-3, "loc":"260 -130"}
        ],
        "linkDataArray": [ {"from":-2, "to":-3, "fromPort":"B", "toPort":"T", "points":[260,-235,260,-225,260,-200,260,-200,260,-175,260,-165]} ]}
      </location>
    </visio>
    <solve>
      暂无
    </solve>
    <errorlog>
    </errorlog>
    <relation>
    </relation>
  </detail>
</root>