﻿<?xml version="1.0" encoding="utf-8" ?>
<root>
  <rows>
    <row>
      <id>1</id>
      <parentid>0</parentid>
      <name>主要内容</name>
      <editor></editor>
      <value></value>
    </row>
    <row>
      <id>1.1</id>
      <parentid>1</parentid>
      <name>名称</name>
      <editor>textbox</editor>
      <value></value>
      <islistshow>1</islistshow>
      <listfieldname>name</listfieldname>
      <listfield>
        <field>name</field>
        <width>100</width>
        <headeralign>center</headeralign>
        <headercls>grid_header</headercls>
        <allowsort>true</allowsort>
        <columnname>名称</columnname>
      </listfield>
    </row>
    <row>
      <id>1.2</id>
      <parentid>1</parentid>
      <name>描述</name>
      <editor>textbox</editor>
      <value></value>
      <islistshow>1</islistshow>
      <listfieldname>description</listfieldname>
      <listfield>
        <field>description</field>
        <width>100</width>
        <headeralign>center</headeralign>
        <headercls>grid_header</headercls>
        <allowsort>true</allowsort>
        <columnname>描述</columnname>
      </listfield>
    </row>
    <row>
      <id>1.3</id>
      <parentid>1</parentid>
      <name>业务背景</name>
      <editor>textbox</editor>
      <value></value>
      <islistshow>1</islistshow>
      <listfieldname>bussinessbackground</listfieldname>
      <listfield>
        <field>bussinessbackground</field>
        <width>100</width>
        <headeralign>center</headeralign>
        <headercls>grid_header</headercls>
        <allowsort>true</allowsort>
        <columnname>业务背景</columnname>
      </listfield>
    </row>
    <row>
      <id>1.4</id>
      <parentid>1</parentid>
      <name>创建日期</name>
      <editor>textbox</editor>
      <value></value>
      <islistshow>0</islistshow>
      <listfieldname>createdate</listfieldname>
      <listfield>
        <field>createdate</field>
        <width>100</width>
        <headeralign>center</headeralign>
        <headercls>grid_header</headercls>
        <allowsort>true</allowsort>
        <columnname>创建日期</columnname>
      </listfield>
    </row>
    <row>
      <id>1.5</id>
      <parentid>1</parentid>
      <name>xml文件</name>
      <editor>textbox</editor>
      <value></value>
      <islistshow>0</islistshow>
      <listfieldname>xmlfilename</listfieldname>
      <listfield>
        <field>xmlfilename</field>
        <width>100</width>
        <headeralign>center</headeralign>
        <headercls>grid_header</headercls>
        <allowsort>true</allowsort>
        <columnname>xml文件</columnname>
      </listfield>
    </row>
  </rows>
  <detail>
    <visio visioname="alljobsvisio">
      <step>
        <id>1</id>
        <name>markitDownloadPM</name>
        <type>visio</type>
        <targetname>testjob1</targetname>
      </step>
      <step>
        <id>2</id>
        <name>AbxCmbxPrimex</name>
        <type>visio</type>
        <targetname>testjob2</targetname>
      </step>
      <location>

      </location>
    </visio>
    <visio visioname="AbxCmbxPrimex">
      <step>
        <id>1</id>
        <name>AbxCmbxPrimex</name>
        <type>visio</type>
        <targetname>testjob1</targetname>
      </step>
      <step>
        <id>2</id>
        <name>AbxCmbxPrimex</name>
        <type>visio</type>
        <targetname>testjob2</targetname>
      </step>
      <location>

      </location>
    </visio>
  </detail>
</root>