﻿<?xml version="1.0" encoding="utf-8"?>
<root>
  <rows>
    <row>
      <id>1</id>
      <parentid>0</parentid>
      <name>主要内容</name>
      <editor></editor>
      <value></value>
    </row>
    <row>
      <id>1.1</id>
      <parentid>1</parentid>
      <name>名称</name>
      <editor>textbox</editor>
      <value></value>
      <islistshow>1</islistshow>
      <listfieldname>name</listfieldname>
      <listfield>
        <field>name</field>
        <width>100</width>
        <headeralign>center</headeralign>
        <headercls>grid_header</headercls>
        <allowsort>true</allowsort>
        <columnname>名称</columnname>
      </listfield>
    </row>
    <row>
      <id>1.2</id>
      <parentid>1</parentid>
      <name>描述</name>
      <editor>textbox</editor>
      <value></value>
      <islistshow>1</islistshow>
      <listfieldname>description</listfieldname>
      <listfield>
        <field>description</field>
        <width>100</width>
        <headeralign>center</headeralign>
        <headercls>grid_header</headercls>
        <allowsort>true</allowsort>
        <columnname>描述</columnname>
      </listfield>
    </row>
    <row>
      <id>1.3</id>
      <parentid>1</parentid>
      <name>业务背景</name>
      <editor>textbox</editor>
      <value></value>
      <islistshow>1</islistshow>
      <listfieldname>bussinessbackground</listfieldname>
      <listfield>
        <field>bussinessbackground</field>
        <width>100</width>
        <headeralign>center</headeralign>
        <headercls>grid_header</headercls>
        <allowsort>true</allowsort>
        <columnname>业务背景</columnname>
      </listfield>
    </row>
    <row>
      <id>1.4</id>
      <parentid>1</parentid>
      <name>创建日期</name>
      <editor>textbox</editor>
      <value></value>
      <islistshow>0</islistshow>
      <listfieldname>createdate</listfieldname>
      <listfield>
        <field>createdate</field>
        <width>100</width>
        <headeralign>center</headeralign>
        <headercls>grid_header</headercls>
        <allowsort>true</allowsort>
        <columnname>创建日期</columnname>
      </listfield>
    </row>
    <row>
      <id>1.5</id>
      <parentid>1</parentid>
      <name>xml文件</name>
      <editor>textbox</editor>
      <value></value>
      <islistshow>0</islistshow>
      <listfieldname>xmlfilename</listfieldname>
      <listfield>
        <field>xmlfilename</field>
        <width>100</width>
        <headeralign>center</headeralign>
        <headercls>grid_header</headercls>
        <allowsort>true</allowsort>
        <columnname>xml文件</columnname>
      </listfield>
    </row>
  </rows>
  <detail>
    <visio visioname="alljobsvisio">
      <step>
        <stepid>-2</stepid>
        <stepname>markitDownloadPM</stepname>
        <steptype>visio</steptype>
        <targetfile>alljobs.xml</targetfile>
        <targetpagetype>global</targetpagetype>
      </step>
      <step>
        <stepid>-3</stepid>
        <stepname>AbxCmbxPrimex</stepname>
        <steptype>visio</steptype>
        <targetfile>alljobs.xml</targetfile>
        <targetpagetype>global</targetpagetype>
      </step>
      <location>
        { "class": "go.GraphLinksModel",
        "linkFromPortIdProperty": "fromPort",
        "linkToPortIdProperty": "toPort",
        "modelData": {"position":"-50.76142374915397 67.66279069767441"},
        "nodeDataArray": [
        {"text":"Start", "figure":"Circle", "fill":"#00AD5F", "key":-1, "loc":"180 110"},
        {"text":"markitDownloadPM", "key":-2, "loc":"180 200",  "figure": "CreateRequest", "fill": "#FFCC22"},
        {"text":"AbxCmbxPrimex", "key":-3, "loc":"180 280",  "figure": "CreateRequest", "fill": "#FFCC22"},
        {"text":"Step2", "key":-4, "loc":"180 280", "size":"112 45", "figure": "CreateRequest", "fill": "#FFCC22"},
        {"text":"Step3", "key":-5, "loc":"180 370", "size":"112 45", "figure": "CreateRequest", "fill": "#FFCC22"},
        {"text":"Comment", "figure":"RoundedRectangle", "fill":"lightyellow", "key":-6, "loc":"180 540"},
        {"text":"Step4", "key":-7, "loc":"180 460", "size":"112 45", "figure": "CreateRequest", "fill": "#FFCC22"},
        {"text":"End", "figure":"Circle", "fill":"#CE0620", "key":-8, "loc":"180 630"},
        {"text":"DB1", "figure":"Database", "fill":"lightgray", "key":-9, "loc":"399 280", "size":"98 65.2"},
        {"text":"DB2", "figure":"Database", "fill":"lightgray", "key":-10, "loc":"410 460", "size":"96 65.2"},
        {"text":"DB积极       急急急2",  "key":-20, "loc":"610 460", "category" : "Comment","figure": "CreateRequest"}
        ],
        "linkDataArray": [
        {"from":-1, "to":-2, "fromPort":"", "toPort":"T", "points":[180,147.33720930232556,180,157.33720930232556,180,162.41860465116278,180,162.41860465116278,180,167.5,180,177.5]},
        {"from":-2, "to":-4, "fromPort":"", "toPort":"T", "points":[180,222.5,180,232.5,180,240,180,240,180,247.5,180,257.5]},
        {"from":-4, "to":-5, "fromPort":"", "toPort":"T", "points":[180,302.5,180,312.5,180,325,180,325,180,337.5,180,347.5]},
        {"from":-5, "to":-7, "fromPort":"", "toPort":"T", "points":[180,392.5,180,402.5,180,415,180,415,180,427.5,180,437.5]},
        {"from":-7, "to":-6, "fromPort":"B", "toPort":"T", "points":[180,482.5,180,492.5,180,501.469288125423,180,501.469288125423,180,510.43857625084604,180,520.438576250846]},
        {"from":-6, "to":-8, "fromPort":"B", "toPort":"T", "points":[180,559.561423749154,180,569.561423749154,180,578.2923397815537,180,578.2923397815537,180,587.0232558139535,180,597.0232558139535]},
        {"from":-4, "to":-9, "fromPort":"R", "toPort":"L", "points":[236,280,246,280,293,280,293,280,340,280,350,280]},
        {"from":-5, "to":-10, "fromPort":"R", "toPort":"T", "points":[236,370,246,370,410,370,410,393.7,410,417.4,410,427.4]},
        {"from":-7, "to":-10, "fromPort":"", "toPort":"", "points":[236,460,246,460,299,460,299,460,352,460,362,460]},
        { "from": "-20", "to": "-7" ,"loc":"480 860", "points":[180,559.561423749154,180,569.561423749154,180,578.2923397815537,180,578.2923397815537,180,587.0232558139535,180,597.0232558139535],"category" : "Comment"}

        ]}
      </location>
    </visio>
    <visio visioname="AbxCmbxPrimex">
      <step>
        <stepid>-2</stepid>
        <stepname>AbxCmbxPrimex</stepname>
        <steptype>visio</steptype>
        <targetfile>alljobs.xml</targetfile>
        <targetpagetype>global</targetpagetype>
      </step>
      <step>
        <stepid>-3</stepid>
        <stepname>AbxCmbxPrimex</stepname>
        <steptype>visio</steptype>
        <targetfile>alljobs.xml</targetfile>
        <targetpagetype>global</targetpagetype>
      </step>
      <location>
        { "class": "go.GraphLinksModel",
        "linkFromPortIdProperty": "fromPort",
        "linkToPortIdProperty": "toPort",
        "modelData": {"position":"-50.76142374915397 67.66279069767441"},
        "nodeDataArray": [
        {"text":"Start", "figure":"Circle", "fill":"#00AD5F", "key":-1, "loc":"180 110"},
        {"text":"markitDownloadPM", "key":-2, "loc":"180 200", "size":"112 45", "figure": "CreateRequest", "fill": "#FFCC22","stroke":"pink"},
        {"text":"AbxCmbxPrimex", "key":-3, "loc":"180 280", "size":"112 45", "figure": "CreateRequest", "fill": "#FFCC22","stroke":"red"},
        {"text":"Step2", "key":-4, "loc":"180 280", "size":"112 45", "figure": "CreateRequest", "fill": "#FFCC22","stroke":"green"},
        {"text":"Step3", "key":-5, "loc":"180 370", "size":"112 45", "figure": "CreateRequest", "fill": "#FFCC22","stroke":"pink"},
        {"text":"Comment", "figure":"RoundedRectangle", "fill":"lightyellow", "key":-6, "loc":"180 540"},
        {"text":"Step4", "key":-7, "loc":"180 460", "size":"112 45", "figure": "CreateRequest", "fill": "#FFCC22","stroke":"pink"},
        {"text":"End", "figure":"Circle", "fill":"#CE0620", "key":-8, "loc":"180 630"},
        {"text":"DB1", "figure":"Database", "fill":"lightgray", "key":-9, "loc":"399 280", "size":"98 65.2"},
        {"text":"DB2", "figure":"Database", "fill":"lightgray", "key":-10, "loc":"410 460", "size":"96 65.2"}
        ],
        "linkDataArray": [
        {"from":-1, "to":-2, "fromPort":"", "toPort":"T", "points":[180,147.33720930232556,180,157.33720930232556,180,162.41860465116278,180,162.41860465116278,180,167.5,180,177.5]},
        {"from":-2, "to":-4, "fromPort":"", "toPort":"T", "points":[180,222.5,180,232.5,180,240,180,240,180,247.5,180,257.5]},
        {"from":-4, "to":-5, "fromPort":"", "toPort":"T", "points":[180,302.5,180,312.5,180,325,180,325,180,337.5,180,347.5]},
        {"from":-5, "to":-7, "fromPort":"", "toPort":"T", "points":[180,392.5,180,402.5,180,415,180,415,180,427.5,180,437.5]},
        {"from":-7, "to":-6, "fromPort":"B", "toPort":"T", "points":[180,482.5,180,492.5,180,501.469288125423,180,501.469288125423,180,510.43857625084604,180,520.438576250846]},
        {"from":-6, "to":-8, "fromPort":"B", "toPort":"T", "points":[180,559.561423749154,180,569.561423749154,180,578.2923397815537,180,578.2923397815537,180,587.0232558139535,180,597.0232558139535]},
        {"from":-4, "to":-9, "fromPort":"R", "toPort":"L", "points":[236,280,246,280,293,280,293,280,340,280,350,280]},
        {"from":-5, "to":-10, "fromPort":"R", "toPort":"T", "points":[236,370,246,370,410,370,410,393.7,410,417.4,410,427.4]},
        {"from":-7, "to":-10, "fromPort":"", "toPort":"", "points":[236,460,246,460,299,460,299,460,352,460,362,460]}
        ]}
      </location>
    </visio>
    <visio visioname="test2">
      <location>
      </location>
    </visio>
    <solve>暂无</solve>
    <errorlog>
      <log>
        <id>1</id>
        <time>2017-03-03</time>
        <issue>162164_EMEA_GSM_ABCDS_Marks failed1</issue>
        <cause>upstream data miss at that time1</cause>
        <status>success</status>
        <resolve>rerun job1 </resolve>
        <attachment>
        </attachment>
      </log>
      <log>
        <id>2</id>
        <time>2017-03-01</time>
        <issue>162164_EMEA_GSM_ABCDS_Marks failed2</issue>
        <cause>upstream data miss at that time2</cause>
        <status>success</status>
        <resolve>rerun job2 </resolve>
        <attachment>
        </attachment>
      </log>
    </errorlog>
    <relation>
      <flow>
        <downstream filename="156762_Thetica_RunEOD_London.xml" pagetype="job" status="edit">
        </downstream>
      </flow>
      <flow>
        <upstream filename="162164_Pull_Strategy_977.xml" pagetype="job" status="edit">upstream1</upstream>
        <downstream filename="alljobs.xml" pagetype="global" status="edit">downstream1</downstream>
        <downstream filename="162164_EMEA_GSM_ABCDS_Marks.xml" pagetype="job" status="edit">downstream1</downstream>
      </flow>
    </relation>
  </detail>
</root>