﻿<?xml version="1.0" encoding="utf-8" ?>
<root>
  <data>
    <flow>
      <upstream filename="162164_Pull_Strategy_977.xml" pagetype="job" status="edit">upstream1</upstream>
      <downstream filename="162164_EMEA_GSM_ABCDS_Marks.xml" pagetype="job" status="edit">downstream1</downstream>
    </flow>
    <flow>
      <upstream filename="162164_Pull_Strategy_977.xml" pagetype="job" status="edit">upstream2</upstream>
      <downstream filename="162164_EMEA_GSM_ABCDS_Marks.xml" pagetype="job" status="edit">downstream2</downstream>
    </flow>
  </data>
</root>