﻿<?xml version="1.0" encoding="utf-8" ?>
<root>
  <row>
    <key>machine</key>
    <name>机器名称</name>
    <datas>
      <data>cpsprappr02.nam.nsroot.net</data>
      <data>mrtappvm1p.nam.nsroot.net</data>
      <data>V154321gclnjmap1p</data>
      <data>V162164cpsprappr01</data>
      <data>V162164cpsprappr02</data>
      <data>V162164MRTAPPVM1P</data>
    </datas>
  </row>
  <row>
    <key>owner</key>
    <name>所有者</name>
    <datas>
      <data>polypath_autosys_pr@nam</data>
      <data>polypaths</data>
      <data>polypaths@nam</data>
      <data>spirit_162164_prod</data>
    </datas>
  </row>
</root>