﻿<?xml version="1.0" encoding="utf-8" ?>
<root>
  <rows>
    <row>
      <id>1</id>
      <parentid>0</parentid>
      <name>mainlycontent</name>
      <editor></editor>
      <value></value>
    </row>
    <row>
      <id>1.1</id>
      <parentid>1</parentid>
      <name>name</name>
      <editor>textbox</editor>
      <value>162164_MDMS_Oasys_Feed</value>
      <islistshow>1</islistshow>
      <listfieldname>name</listfieldname>
      <listfield>
        <field>name</field>
        <width>100</width>
        <headeralign>center</headeralign>
        <headercls>grid_header</headercls>
        <allowsort>true</allowsort>
        <columnname>名称</columnname>
      </listfield>
    </row>
    <row>
      <id>1.2</id>
      <parentid>1</parentid>
      <name>description</name>
      <editor>textbox</editor>
      <value>生成数据到MK_OASYS_FEED表,之后生成文件给下游OASYS</value>
      <islistshow>1</islistshow>
      <listfieldname>description</listfieldname>
      <listfield>
        <field>description</field>
        <width>100</width>
        <headeralign>center</headeralign>
        <headercls>grid_header</headercls>
        <allowsort>true</allowsort>
        <columnname>描述</columnname>
      </listfield>
    </row>
    <row>
      <id>1.3</id>
      <parentid>1</parentid>
      <name>bussinessbackground</name>
      <editor>textbox</editor>
      <value>i do not know</value>
      <islistshow>1</islistshow>
      <listfieldname>bussinessbackground</listfieldname>
      <listfield>
        <field>bussinessbackground</field>
        <width>100</width>
        <headeralign>center</headeralign>
        <headercls>grid_header</headercls>
        <allowsort>true</allowsort>
        <columnname>业务背景</columnname>
      </listfield>
    </row>
    <row>
      <id>1.4</id>
      <parentid>1</parentid>
      <name>createdate</name>
      <editor>textbox</editor>
      <value>20170203</value>
      <islistshow>0</islistshow>
      <listfieldname>createdate</listfieldname>
      <listfield>
        <field>createdate</field>
        <width>100</width>
        <headeralign>center</headeralign>
        <headercls>grid_header</headercls>
        <allowsort>true</allowsort>
        <columnname>创建日期</columnname>
      </listfield>
    </row>
    <row>
      <id>1.5</id>
      <parentid>1</parentid>
      <name>xmlfilename</name>
      <editor>textbox</editor>
      <value>162164_MDMS_Oasys_Feed.xml</value>
      <islistshow>1</islistshow>
      <listfieldname>xmlfilename</listfieldname>
      <listfield>
        <field>xmlfilename</field>
        <width>100</width>
        <headeralign>center</headeralign>
        <headercls>grid_header</headercls>
        <allowsort>true</allowsort>
        <columnname>xml文件</columnname>
      </listfield>
    </row>
  </rows>
  <detail>
    <visio visioname="162164_MDMS_Oasys_Feed">
      <step>
        <stepid>-2</stepid>
        <stepname>162164_MDMS_Oasys_Submit_Load_Marks</stepname>
        <steptype>visio</steptype>
        <targetfile>162164_MDMS_Oasys_Submit_Load_Marks.xml</targetfile>
        <targetpagetype>job</targetpagetype>
      </step>
      <step>
        <stepid>-3</stepid>
        <stepname>162164_MDMS_OASYS_CreatePackage_EMEA</stepname>
        <steptype>visio</steptype>
        <targetfile>162164_MDMS_OASYS_CreatePackage_EMEA.xml</targetfile>
        <targetpagetype>job</targetpagetype>
      </step>
      <step>
        <stepid>-4</stepid>
        <stepname>162164_MDMS_OASYS_CreatePackage_NAM</stepname>
        <steptype>visio</steptype>
        <targetfile>162164_MDMS_OASYS_CreatePackage_NAM.xml</targetfile>
        <targetpagetype>job</targetpagetype>
      </step>
      <step>
        <stepid>-5</stepid>
        <stepname>162164_MDMS_Oasys_Submit_Feed_EMEA</stepname>
        <steptype>visio</steptype>
        <targetfile>162164_MDMS_Oasys_Submit_Feed_EMEA.xml</targetfile>
        <targetpagetype>job</targetpagetype>
      </step>
      <step>
        <stepid>-6</stepid>
        <stepname>162164_MDMS_Oasys_Submit_Feed_NAM</stepname>
        <steptype>visio</steptype>
        <targetfile>162164_MDMS_Oasys_Submit_Feed_NAM.xml</targetfile>
        <targetpagetype>job</targetpagetype>
      </step>
      <location>
        { "class": "go.GraphLinksModel",
        "linkFromPortIdProperty": "fromPort",
        "linkToPortIdProperty": "toPort",
        "modelData": {"position":"-50.76142374915397 67.66279069767441"},
        "nodeDataArray": [
        {"text":"162164_MDMS_Oasys_Submit_Load_Marks", "figure":"CreateRequest", "fill":"#FFCC22", "size":"382 55", "key":-2, "loc":"230 0"},
        {"text":"162164_MDMS_OASYS_CreatePackage_EMEA", "figure":"CreateRequest", "fill":"#FFCC22", "size":"382 55", "key":-3, "loc":"10 200"},
        {"text":"162164_MDMS_OASYS_CreatePackage_NAM", "figure":"CreateRequest", "fill":"#FFCC22", "size":"382 55", "key":-4, "loc":"460 200"},
        {"text":"162164_MDMS_Oasys_Submit_Feed_EMEA", "figure":"CreateRequest", "fill":"#FFCC22", "size":"382 55", "key":-5, "loc":"10 360"},
        {"text":"162164_MDMS_Oasys_Submit_Feed_NAM", "figure":"CreateRequest", "fill":"#FFCC22", "size":"382 55", "key":-6, "loc":"460 360"}
        ],
        "linkDataArray": [
        {"from":-2, "to":-3, "fromPort":"B", "toPort":"T", "points":[230,27.5,230,37.5,230,100,10,100,10,162.5,10,172.5]},
        {"from":-2, "to":-4, "fromPort":"B", "toPort":"T", "points":[230,27.5,230,37.5,230,100,460,100,460,162.5,460,172.5]},
        {"from":-3, "to":-5, "fromPort":"B", "toPort":"T", "points":[10,227.5,10,237.5,10,280,10,280,10,322.5,10,332.5]},
        {"from":-4, "to":-6, "fromPort":"B", "toPort":"T", "points":[460,227.5,460,237.5,460,280,460,280,460,322.5,460,332.5]}
        ]}
      </location>
    </visio>
    <solve>
      <p>
        暂无
      </p>
    </solve>
    <errorlog>
    </errorlog>
    <relation>
    </relation>
  </detail>
</root>