﻿<?xml version="1.0" encoding="utf-8" ?>
<root>
  <rows>
    <row>
      <id>1</id>
      <parentid>0</parentid>
      <name>mainlycontent</name>
      <editor></editor>
      <value></value>
    </row>
    <row>
      <id>1.1</id>
      <parentid>1</parentid>
      <name>name</name>
      <editor>textbox</editor>
      <value>EMEA_GSM_ABCDS</value>
      <islistshow>1</islistshow>
      <listfieldname>name</listfieldname>
      <listfield>
        <field>name</field>
        <width>100</width>
        <headeralign>center</headeralign>
        <headercls>grid_header</headercls>
        <allowsort>true</allowsort>
        <columnname>名称</columnname>
      </listfield>
    </row>
    <row>
      <id>1.2</id>
      <parentid>1</parentid>
      <name>description</name>
      <editor>textbox</editor>
      <value>FLow EMEA_GSM_ABCDS</value>
      <islistshow>1</islistshow>
      <listfieldname>description</listfieldname>
      <listfield>
        <field>description</field>
        <width>100</width>
        <headeralign>center</headeralign>
        <headercls>grid_header</headercls>
        <allowsort>true</allowsort>
        <columnname>描述</columnname>
      </listfield>
    </row>
    <row>
      <id>1.3</id>
      <parentid>1</parentid>
      <name>bussinessbackground</name>
      <editor>textbox</editor>
      <value>MDMS 其中一条FLow</value>
      <islistshow>1</islistshow>
      <listfieldname>bussinessbackground</listfieldname>
      <listfield>
        <field>bussinessbackground</field>
        <width>100</width>
        <headeralign>center</headeralign>
        <headercls>grid_header</headercls>
        <allowsort>true</allowsort>
        <columnname>业务背景</columnname>
      </listfield>
    </row>
    <row>
      <id>1.4</id>
      <parentid>1</parentid>
      <name>createdate</name>
      <editor>textbox</editor>
      <value>2017-02-03</value>
      <islistshow>0</islistshow>
      <listfieldname>createdate</listfieldname>
      <listfield>
        <field>createdate</field>
        <width>100</width>
        <headeralign>center</headeralign>
        <headercls>grid_header</headercls>
        <allowsort>true</allowsort>
        <columnname>创建日期</columnname>
      </listfield>
    </row>
    <row>
      <id>1.5</id>
      <parentid>1</parentid>
      <name>xmlfilename</name>
      <editor>textbox</editor>
      <value>EMEA_GSM_ABCDS.xml</value>
      <islistshow>1</islistshow>
      <listfieldname>xmlfilename</listfieldname>
      <listfield>
        <field>xmlfilename</field>
        <width>100</width>
        <headeralign>center</headeralign>
        <headercls>grid_header</headercls>
        <allowsort>true</allowsort>
        <columnname>xml文件</columnname>
      </listfield>
    </row>
  </rows>
  <detail>
    <visio visioname="EMEA_GSM_ABCDS">
      <step>
        <stepid>-1</stepid>
        <stepname>162164_Pull_Strategy_977</stepname>
        <steptype>visio</steptype>
        <targetfile>162164_Pull_Strategy_977.xml</targetfile>
        <targetpagetype>job</targetpagetype>
      </step>
      <step>
        <stepid>-2</stepid>
        <stepname>156762_Thetica_RunEOD_London</stepname>
        <steptype>visio</steptype>
        <targetfile>156762_Thetica_RunEOD_London.xml</targetfile>
        <targetpagetype>job</targetpagetype>
      </step>
      <step>
        <stepid>-3</stepid>
        <stepname>162164_EMEA_GSM_ABCDS_Marks</stepname>
        <steptype>visio</steptype>
        <targetfile>162164_EMEA_GSM_ABCDS_Marks.xml</targetfile>
        <targetpagetype>job</targetpagetype>
      </step>
      <location>
        { "class": "go.GraphLinksModel",
        "linkFromPortIdProperty": "fromPort",
        "linkToPortIdProperty": "toPort",
        "modelData": {"position":"-50.76142374915397 67.66279069767441"},
        "nodeDataArray": [
        {"text":"162164_Pull_Strategy_977", "figure":"CreateRequest", "fill":"#FFCC22", "size":"306 55", "key":-1, "loc":"360 180", "stroke":"red"},
        {"text":"156762_Thetica_RunEOD_London", "figure":"CreateRequest", "fill":"#FFCC22", "size":"311 55", "key":-2, "loc":"360 310", "stroke":"red"},
        {"text":"162164_EMEA_GSM_ABCDS_Marks", "figure":"CreateRequest", "fill":"#FFCC22", "size":"311 55", "key":-3, "loc":"360 430", "stroke":"red"},
        {"text":"MK_OASYS_FEED", "figure":"Database", "fill":"lightgray", "key":-4, "loc":"360 560", "size":"226 65.2"},
        {"text":"Run at 2:00 PM", "key":"c1", "loc":"400 90", "category":"Comment"},
        {"text":"Table: MK_EMEA_GSM_TRADES (Set) \n Table: MK_MORT_DERIV_TRADES (Get)", "key":"c2", "loc":"550 70", "category":"Comment"},
        {"text":"Run at 2:30 PM", "key":"c3", "loc":"400 230", "category":"Comment"},
        {"text":"Run at 3:15 PM", "key":"c4", "loc":"390 350", "category":"Comment"},
        {"text":"Table: MK_EMEA_GSM_TRADES (Get) \n Table: MK_ABCDS_EMEA_GSM_MARKS (Set)", "key":"c5", "loc":"550 310", "category":"Comment"},
        {"text":"FLow=EMEA_GSM_ABCDS", "key":"c6", "loc":"430 480", "category":"Comment"}
        ],
        "linkDataArray": [
        {"from":-1, "to":-2, "fromPort":"B", "toPort":"T", "points":[360,207.5,360,217.5,360,245,360,245,360,272.5,360,282.5]},
        {"from":-2, "to":-3, "fromPort":"B", "toPort":"T", "points":[360,337.5,360,347.5,360,370,360,370,360,392.5,360,402.5]},
        {"from":-3, "to":-4, "fromPort":"B", "toPort":"T", "points":[360,457.5,360,467.5,360,492.45,360,492.45,360,517.4,360,527.4]},
        {"from":"c1", "to":"-1", "loc":"480 860", "category":"Comment"},
        {"from":"c2", "to":"-1", "loc":"480 860", "category":"Comment"},
        {"from":"c3", "to":"-2", "loc":"480 860", "category":"Comment"},
        {"from":"c4", "to":"-3", "loc":"480 860", "category":"Comment"},
        {"from":"c5", "to":"-3", "loc":"480 860", "category":"Comment"},
        {"from":"c6", "to":"-4", "loc":"480 860", "category":"Comment"}
        ]}
      </location>
    </visio>
    <solve>
      ASCII(60)pASCII(62)
      如果发现错误,请按照如下步骤操作.
      ASCII(60)/pASCII(62)
      ASCII(60)pASCII(62)
      1.到 ASCII(60)span style="background-color:#FFE500;"ASCII(62)ASCII(92)ASCII(92)XXXASCII(92)XXXASCII(92)XXXASCII(92)XXX.log ASCII(60)/spanASCII(62) 处查看log
      ASCII(60)/pASCII(62)
      ASCII(60)pASCII(62)
      2.查看table数据, ASCII(60)span style="background-color:#FFE500;"ASCII(62)select * from table1 nolockASCII(60)/spanASCII(62)
      ASCII(60)/pASCII(62)
      ASCII(60)pASCII(62)
      3.查看文件 path: ASCII(60)span style="background-color:#FFE500;"ASCII(62)ASCII(92)ASCII(92)XXXXASCII(92)XXXXASCII(92)XXXXASCII(92)XXXXx.csvASCII(60)/spanASCII(62)
      ASCII(60)/pASCII(62)
    </solve>
    <errorlog>
      <log>
        <id>1</id>
        <time>2017-03-03</time>
        <issue>162164_EMEA_GSM_ABCDS_Marks failed1</issue>
        <cause>upstream data miss at that time1</cause>
        <status>success</status>
        <resolve>rerun job1 </resolve>
        <attachment></attachment>
      </log>
      <log>
        <id>2</id>
        <time>2017-03-01</time>
        <issue>162164_EMEA_GSM_ABCDS_Marks failed2</issue>
        <cause>upstream data miss at that time2</cause>
        <status>success</status>
        <resolve>rerun job2 </resolve>
        <attachment></attachment>
      </log>
    </errorlog>
    <relation>
      <flow>
        <upstream filename="162164_Pull_Strategy_977.xml" pagetype="job" status="edit">upstream1</upstream>
        <downstream filename="alljobs.xml" pagetype="global" status="edit">downstream1</downstream>
        <downstream filename="162164_EMEA_GSM_ABCDS_Marks.xml" pagetype="job" status="edit">downstream1</downstream>
      </flow>
      <flow>
        <upstream filename="156762_Thetica_RunEOD_London.xml" pagetype="job" status="edit">upstream2.0</upstream>
        <downstream filename="162164_EMEA_GSM_ABCDS_Marks.xml" pagetype="job" status="edit">downstream2</downstream>
        <upstream filename="156762_Thetica_RunEOD_London.xml" pagetype="job" status="edit">upstream2.0</upstream>
        <downstream filename="162164_EMEA_GSM_ABCDS_Marks.xml" pagetype="job" status="edit">downstream2</downstream>
        <upstream filename="156762_Thetica_RunEOD_London.xml" pagetype="job" status="edit">upstream2.0</upstream>
        <downstream filename="162164_EMEA_GSM_ABCDS_Marks.xml" pagetype="job" status="edit">downstream2</downstream>
        <upstream filename="156762_Thetica_RunEOD_London.xml" pagetype="job" status="edit">upstream2.0</upstream>
        <downstream filename="162164_EMEA_GSM_ABCDS_Marks.xml" pagetype="job" status="edit">downstream2</downstream>
      </flow>
      <flow>
        <upstream filename="162164_Pull_Strategy_977.xml" pagetype="job" status="edit">upstream3.0</upstream>
        <upstream filename="162164_Pull_Strategy_977.xml" pagetype="job" status="edit">upstream3.1</upstream>
        <downstream filename="162164_EMEA_GSM_ABCDS_Marks.xml" pagetype="job" status="edit">downstream3</downstream>
        <downstream filename="162164_EMEA_GSM_ABCDS_Marks.xml" pagetype="job" status="edit">downstream3</downstream>
      </flow>
    </relation>
  </detail>
</root>