﻿<?xml version="1.0" encoding="utf-8" ?>
<root>
  <rows>
    <row>
      <id>1</id>
      <parentid>0</parentid>
      <name>主要内容</name>
      <editor></editor>
      <value></value>
    </row>
    <row>
      <id>2</id>
      <parentid>0</parentid>
      <name>输入输出</name>
      <editor></editor>
      <value></value>
    </row>
    <row>
      <id>3</id>
      <parentid>0</parentid>
      <name>日志</name>
      <editor></editor>
      <value></value>
    </row>
    <row>
      <id>1.1</id>
      <parentid>1</parentid>
      <name>名称</name>
      <editor>textbox</editor>
      <value>CSVReportGenerator</value>
      <islistshow>1</islistshow>
      <listfieldname>name</listfieldname>
      <listfield>
        <field>name</field>
        <width>100</width>
        <headeralign>center</headeralign>
        <headercls>grid_header</headercls>
        <allowsort>true</allowsort>
        <columnname>名称</columnname>
      </listfield>
    </row>
    <row>
      <id>1.2</id>
      <parentid>1</parentid>
      <name>描述</name>
      <editor>textbox</editor>
      <value>下载交易数据,并且生成很多报表</value>
      <islistshow>1</islistshow>
      <listfieldname>description</listfieldname>
      <listfield>
        <field>description</field>
        <width>100</width>
        <headeralign>center</headeralign>
        <headercls>grid_header</headercls>
        <allowsort>true</allowsort>
        <columnname>描述</columnname>
      </listfield>
    </row>
    <row>
      <id>1.3</id>
      <parentid>1</parentid>
      <name>业务背景</name>
      <editor>textbox</editor>
      <value>下载交易数据,并且生成很多报表</value>
      <islistshow>1</islistshow>
      <listfieldname>bussinessbackground</listfieldname>
      <listfield>
        <field>bussinessbackground</field>
        <width>100</width>
        <headeralign>center</headeralign>
        <headercls>grid_header</headercls>
        <allowsort>true</allowsort>
        <columnname>业务背景</columnname>
      </listfield>
    </row>
    <row>
      <id>1.4</id>
      <parentid>1</parentid>
      <name>创建日期</name>
      <editor>textbox</editor>
      <value>2017-03-14</value>
      <islistshow>0</islistshow>
      <listfieldname>createdate</listfieldname>
      <listfield>
        <field>createdate</field>
        <width>100</width>
        <headeralign>center</headeralign>
        <headercls>grid_header</headercls>
        <allowsort>true</allowsort>
        <columnname>创建日期</columnname>
      </listfield>
    </row>
    <row>
      <id>1.5</id>
      <parentid>1</parentid>
      <name>xml文件</name>
      <editor>textbox</editor>
      <value>CSVReportGenerator.xml</value>
      <islistshow>1</islistshow>
      <listfieldname>xmlfilename</listfieldname>
      <listfield>
        <field>xmlfilename</field>
        <width>100</width>
        <headeralign>center</headeralign>
        <headercls>grid_header</headercls>
        <allowsort>true</allowsort>
        <columnname>xml文件</columnname>
      </listfield>
    </row>
    <row>
      <id>2.1</id>
      <parentid>2</parentid>
      <name>涉及表</name>
      <editor>textbox</editor>
      <value></value>
      <islistshow>1</islistshow>
      <listfieldname>relationtable</listfieldname>
      <listfield>
        <field>relationtable</field>
        <width>100</width>
        <headeralign>center</headeralign>
        <headercls>grid_header</headercls>
        <allowsort>true</allowsort>
        <columnname>涉及表</columnname>
      </listfield>
    </row>
    <row>
      <id>2.2</id>
      <parentid>2</parentid>
      <name>涉及文件</name>
      <editor>textbox</editor>
      <value></value>
      <islistshow>1</islistshow>
      <listfieldname>relationfile</listfieldname>
      <listfield>
        <field>relationfile</field>
        <width>100</width>
        <headeralign>center</headeralign>
        <headercls>grid_header</headercls>
        <allowsort>true</allowsort>
        <columnname>涉及文件</columnname>
      </listfield>
    </row>
    <row>
      <id>3.1</id>
      <parentid>3</parentid>
      <name>日志文件</name>
      <editor>textbox</editor>
      <value>\\\\nasrut145v1pol\\polypath\\data\\mbscloses\\logs\\CSVReportGenerator</value>
      <islistshow>1</islistshow>
      <listfieldname>logpath</listfieldname>
      <listfield>
        <field>logpath</field>
        <width>100</width>
        <headeralign>center</headeralign>
        <headercls>grid_header</headercls>
        <allowsort>true</allowsort>
        <columnname>日志文件</columnname>
      </listfield>
    </row>
  </rows>
  <detail>
    <visio visioname="CSVReportGenerator">
      <step>
        <stepid>-2</stepid>
        <stepname>162164_MDMS_Oasys_Submit_Load_Marks(并行)</stepname>
        <steptype>normal</steptype>
        <targetfile></targetfile>
        <targetpagetype></targetpagetype>
        <detail>
          <logic editor="textarea">当TradeDownload执行完成之后,便开始生成很多报表文件</logic>
          <contacttables editor="textarea"></contacttables>
          <contactfiles editor="textarea"></contactfiles>
        </detail>
      </step>
      <step>
        <stepid>-3</stepid>
        <stepname>PROD_GSMABSFeed.csv</stepname>
        <steptype>normal</steptype>
        <targetfile></targetfile>
        <targetpagetype></targetpagetype>
        <detail>
          <logic editor="textarea">根据Sql Query生成PROD_GSMABSFeed.csv</logic>
          <contacttables editor="textarea"></contacttables>
          <contactfiles editor="textarea">PROD_GSMABSFeed.csv</contactfiles>
        </detail>
      </step>
      <step>
        <stepid>-4</stepid>
        <stepname>Gateway_IOS_Trades.csv</stepname>
        <steptype>normal</steptype>
        <targetfile></targetfile>
        <targetpagetype></targetpagetype>
        <detail>
          <logic editor="textarea">根据Sql Query生成Gateway_IOS_Trades.csv</logic>
          <contacttables editor="textarea"></contacttables>
          <contactfiles editor="textarea">Gateway_IOS_Trades.csv</contactfiles>
        </detail>
      </step>
      <step>
        <stepid>-5</stepid>
        <stepname>Gateway_MORT_DERIV_TradeFeed.csv</stepname>
        <steptype>normal</steptype>
        <targetfile></targetfile>
        <targetpagetype></targetpagetype>
        <detail>
          <logic editor="textarea">根据Sql Query生成Gateway_MORT_DERIV_TradeFeed.csv</logic>
          <contacttables editor="textarea"></contacttables>
          <contactfiles editor="textarea">Gateway_MORT_DERIV_TradeFeed.csv</contactfiles>
        </detail>
      </step>
      <step>
        <stepid>-6</stepid>
        <stepname>Gateway_Abx_TradeFeed.csv</stepname>
        <steptype>normal</steptype>
        <targetfile></targetfile>
        <targetpagetype></targetpagetype>
        <detail>
          <logic editor="textarea">根据Sql Query生成Gateway_Abx_TradeFeed.csv</logic>
          <contacttables editor="textarea"></contacttables>
          <contactfiles editor="textarea">Gateway_Abx_TradeFeed.csv</contactfiles>
        </detail>
      </step>
      <step>
        <stepid>-7</stepid>
        <stepname>Gateway_All_Abx.csv</stepname>
        <steptype>normal</steptype>
        <targetfile></targetfile>
        <targetpagetype></targetpagetype>
        <detail>
          <logic editor="textarea">根据Sql Query生成Gateway_All_Abx.csv</logic>
          <contacttables editor="textarea"></contacttables>
          <contactfiles editor="textarea">Gateway_All_Abx.csv</contactfiles>
        </detail>
      </step>
      <step>
        <stepid>-8</stepid>
        <stepname>Gateway_SPG_All_Products_EMEA.csv</stepname>
        <steptype>normal</steptype>
        <targetfile></targetfile>
        <targetpagetype></targetpagetype>
        <detail>
          <logic editor="textarea">根据Sql Query生成Gateway_SPG_All_Products_EMEA.csv</logic>
          <contacttables editor="textarea"></contacttables>
          <contactfiles editor="textarea">Gateway_SPG_All_Products_EMEA.csv</contactfiles>
        </detail>
      </step>
      <step>
        <stepid>-9</stepid>
        <stepname>Gateway_ABCDS_with_CDS_on_CDO.csv</stepname>
        <steptype>normal</steptype>
        <targetfile></targetfile>
        <targetpagetype></targetpagetype>
        <detail>
          <logic editor="textarea">根据Sql Query生成Gateway_ABCDS_with_CDS_on_CDO.csv</logic>
          <contacttables editor="textarea"></contacttables>
          <contactfiles editor="textarea">Gateway_ABCDS_with_CDS_on_CDO.csv</contactfiles>
        </detail>
      </step>
      <step>
        <stepid>-10</stepid>
        <stepname>Gateway_SPG_All_Products.csv</stepname>
        <steptype>normal</steptype>
        <targetfile></targetfile>
        <targetpagetype></targetpagetype>
        <detail>
          <logic editor="textarea">根据Sql Query生成Gateway_SPG_All_Products.csv</logic>
          <contacttables editor="textarea"></contacttables>
          <contactfiles editor="textarea">Gateway_SPG_All_Products.csv</contactfiles>
        </detail>
      </step>
      <step>
        <stepid>-11</stepid>
        <stepname>Gateway_Strat_C3Q.csv</stepname>
        <steptype>normal</steptype>
        <targetfile></targetfile>
        <targetpagetype></targetpagetype>
        <detail>
          <logic editor="textarea">根据Sql Query生成Gateway_Strat_C3Q.csv</logic>
          <contacttables editor="textarea"></contacttables>
          <contactfiles editor="textarea">Gateway_Strat_C3Q.csv</contactfiles>
        </detail>
      </step>
      <location>
        { "class": "go.GraphLinksModel",
        "linkFromPortIdProperty": "fromPort",
        "linkToPortIdProperty": "toPort",
        "modelData": {"position":"-50.76142374915397 67.66279069767441"},
        "nodeDataArray": [
        {"text":"162164_MDMS_Oasys_Submit_Load_Marks(并行)", "figure":"CreateRequest", "fill":"#FFCC22", "size":"434 70", "key":-2, "loc":"220 200"},
        {"text":"PROD_GSMABSFeed.csv", "figure":"CreateRequest", "fill":"#FFCC22", "size":"264 70", "key":-3, "loc":"650 110"},
        {"text":"Gateway_IOS_Trades.csv", "figure":"CreateRequest", "fill":"#FFCC22", "size":"264 70", "key":-4, "loc":"-200 30"},
        {"text":"Gateway_MORT_DERIV_TradeFeed.csv", "figure":"CreateRequest", "fill":"#FFCC22", "size":"293 70", "key":-5, "loc":"640 20"},
        {"text":"Gateway_Abx_TradeFeed.csv", "figure":"CreateRequest", "fill":"#FFCC22", "size":"264 70", "key":-6, "loc":"-200 150"},
        {"text":"Gateway_All_Abx.csv", "figure":"CreateRequest", "fill":"#FFCC22", "size":"264 70", "key":-7, "loc":"650 250"},
        {"text":"Gateway_SPG_All_Products_EMEA.csv", "figure":"CreateRequest", "fill":"#FFCC22", "size":"326 70", "key":-8, "loc":"30 380"},
        {"text":"Gateway_ABCDS_with_CDS_on_CDO.csv", "figure":"CreateRequest", "fill":"#FFCC22", "size":"326 70", "key":-9, "loc":"220 20"},
        {"text":"Gateway_SPG_All_Products.csv", "figure":"CreateRequest", "fill":"#FFCC22", "size":"326 70", "key":-10, "loc":"400 380"},
        {"text":"Gateway_Strat_C3Q.csv", "figure":"CreateRequest", "fill":"#FFCC22", "size":"258 70", "key":-11, "loc":"-198 260"}
        ],
        "linkDataArray": [
        {"from":-2, "to":-9, "fromPort":"T", "toPort":"B", "points":[220,165,220,155,220,110,220,110,220,65,220,55]},
        {"from":-2, "to":-3, "fromPort":"R", "toPort":"L", "points":[437,200,447,200,477.5,200,477.5,110,508,110,518,110]},
        {"from":-2, "to":-7, "fromPort":"R", "toPort":"L", "points":[437,200,447,200,477.5,200,477.5,250,508,250,518,250]},
        {"from":-2, "to":-5, "fromPort":"T", "toPort":"L", "points":[220,165,220,155,220,98.79694510923181,396,98.79694510923181,396,20,483.5,20,493.5,20]},
        {"from":-2, "to":-4, "fromPort":"T", "toPort":"R", "points":[220,165,220,155,220,99.54996187500001,44,99.54996187500001,44,30,-58,30,-68,30]},
        {"from":-2, "to":-6, "fromPort":"L", "toPort":"R", "points":[3,200,-7,200,-32.5,200,-32.5,150,-58,150,-68,150]},
        {"from":-2, "to":-11, "fromPort":"L", "toPort":"R", "points":[3,200,-7,200,-33,200,-33,260,-59,260,-69,260]},
        {"from":-2, "to":-8, "fromPort":"B", "toPort":"T", "points":[220,235,220,245,220,290,30,290,30,335,30,345]},
        {"from":-2, "to":-10, "fromPort":"B", "toPort":"T", "points":[220,235,220,245,220,290,400,290,400,335,400,345]}
        ]}
      </location>
    </visio>
    <solve>
      暂无
    </solve>
    <errorlog>
    </errorlog>
    <relation>
      <flow>
        <upstream filename="MDMSTradeDownLoad.xml" pagetype="normal" status="edit"></upstream>
      </flow>
    </relation>
  </detail>
</root>