﻿<?xml version="1.0" encoding="utf-8" ?>
<root>
  <rows>
    <row>
      <id>1</id>
      <parentid>0</parentid>
      <name>主要内容</name>
      <editor></editor>
      <value></value>
    </row>
    <row>
      <id>2</id>
      <parentid>0</parentid>
      <name>输入输出</name>
      <editor></editor>
      <value></value>
    </row>
    <row>
      <id>3</id>
      <parentid>0</parentid>
      <name>日志</name>
      <editor></editor>
      <value></value>
    </row>
    <row>
      <id>1.1</id>
      <parentid>1</parentid>
      <name>名称</name>
      <editor>textbox</editor>
      <value>MDMSTradeDownLoad</value>
      <islistshow>1</islistshow>
      <listfieldname>name</listfieldname>
      <listfield>
        <field>name</field>
        <width>100</width>
        <headeralign>center</headeralign>
        <headercls>grid_header</headercls>
        <allowsort>true</allowsort>
        <columnname>名称</columnname>
      </listfield>
    </row>
    <row>
      <id>1.2</id>
      <parentid>1</parentid>
      <name>描述</name>
      <editor>textbox</editor>
      <value>DownLoad交易数据,是许多MDMS job的数据源</value>
      <islistshow>1</islistshow>
      <listfieldname>description</listfieldname>
      <listfield>
        <field>description</field>
        <width>100</width>
        <headeralign>center</headeralign>
        <headercls>grid_header</headercls>
        <allowsort>true</allowsort>
        <columnname>描述</columnname>
      </listfield>
    </row>
    <row>
      <id>1.3</id>
      <parentid>1</parentid>
      <name>业务背景</name>
      <editor>textbox</editor>
      <value>下载交易数据</value>
      <islistshow>1</islistshow>
      <listfieldname>bussinessbackground</listfieldname>
      <listfield>
        <field>bussinessbackground</field>
        <width>100</width>
        <headeralign>center</headeralign>
        <headercls>grid_header</headercls>
        <allowsort>true</allowsort>
        <columnname>业务背景</columnname>
      </listfield>
    </row>
    <row>
      <id>1.4</id>
      <parentid>1</parentid>
      <name>创建日期</name>
      <editor>textbox</editor>
      <value>2017-03-14</value>
      <islistshow>0</islistshow>
      <listfieldname>createdate</listfieldname>
      <listfield>
        <field>createdate</field>
        <width>100</width>
        <headeralign>center</headeralign>
        <headercls>grid_header</headercls>
        <allowsort>true</allowsort>
        <columnname>创建日期</columnname>
      </listfield>
    </row>
    <row>
      <id>1.5</id>
      <parentid>1</parentid>
      <name>xml文件</name>
      <editor>textbox</editor>
      <value>MDMSTradeDownLoad.xml</value>
      <islistshow>1</islistshow>
      <listfieldname>xmlfilename</listfieldname>
      <listfield>
        <field>xmlfilename</field>
        <width>100</width>
        <headeralign>center</headeralign>
        <headercls>grid_header</headercls>
        <allowsort>true</allowsort>
        <columnname>xml文件</columnname>
      </listfield>
    </row>
    <row>
      <id>2.1</id>
      <parentid>2</parentid>
      <name>涉及表</name>
      <editor>textbox</editor>
      <value>MK_MORT_DERIV_TERM_FEES;RDS_ACCOUNT_FEED;MK_MORT_DERIV_TRADES_STAGING;MK_MORT_DERIV_TRADES;MK_MORT_DERIV_FEES_EffDate</value>
      <islistshow>1</islistshow>
      <listfieldname>relationtable</listfieldname>
      <listfield>
        <field>relationtable</field>
        <width>100</width>
        <headeralign>center</headeralign>
        <headercls>grid_header</headercls>
        <allowsort>true</allowsort>
        <columnname>涉及表</columnname>
      </listfield>
    </row>
    <row>
      <id>2.2</id>
      <parentid>2</parentid>
      <name>涉及文件</name>
      <editor>textbox</editor>
      <value>MDMSTradeDownloadHistory.csv;IOS_Fees.csv;TermTrades.csv;TermFees.csv;</value>
      <islistshow>1</islistshow>
      <listfieldname>relationfile</listfieldname>
      <listfield>
        <field>relationfile</field>
        <width>100</width>
        <headeralign>center</headeralign>
        <headercls>grid_header</headercls>
        <allowsort>true</allowsort>
        <columnname>涉及文件</columnname>
      </listfield>
    </row>
    <row>
      <id>3.1</id>
      <parentid>3</parentid>
      <name>日志文件</name>
      <editor>textbox</editor>
      <value>\\\\nasrut145v1pol\\polypath\\data\\spirit\\logs\\CPSPRAPPR02\\MDMS\\MDMSTradeDownload</value>
      <islistshow>1</islistshow>
      <listfieldname>logpath</listfieldname>
      <listfield>
        <field>logpath</field>
        <width>100</width>
        <headeralign>center</headeralign>
        <headercls>grid_header</headercls>
        <allowsort>true</allowsort>
        <columnname>日志文件</columnname>
      </listfield>
    </row>
  </rows>
  <detail>
    <visio visioname="MDMSTradeDownLoad">
      <step>
        <stepid>-3</stepid>
        <stepname>调用PositionService的GetAccounts方法获取Accounts</stepname>
        <steptype>normal</steptype>
        <targetfile></targetfile>
        <targetpagetype></targetpagetype>
        <detail>
          <logic editor="textarea">从RDS_ACCOUNT_FEED表中筛选Account数据</logic>
          <contacttables editor="textarea">RDS_ACCOUNT_FEED</contacttables>
          <contactfiles editor="textarea"></contactfiles>
        </detail>
      </step>
      <step>
        <stepid>-2</stepid>
        <stepname>把每个Account发送到DSPQueryService的GetRecords方法获取交易记录</stepname>
        <steptype>normal</steptype>
        <targetfile></targetfile>
        <targetpagetype></targetpagetype>
        <detail>
          <logic editor="textarea"></logic>
          <contacttables editor="textarea"></contacttables>
          <contactfiles editor="textarea"></contactfiles>
        </detail>
      </step>
      <step>
        <stepid>-4</stepid>
        <stepname>调用MK_SAVE_TPS_TRADE_XML存储过程保存</stepname>
        <steptype>normal</steptype>
        <targetfile></targetfile>
        <targetpagetype></targetpagetype>
        <detail>
          <logic editor="textarea">把Download下来的xml数据进行保存,每次保存1条记录,循环调用,存到表MK_MORT_DERIV_TRADES_STAGING</logic>
          <contacttables editor="textarea">MK_MORT_DERIV_TRADES_STAGING</contacttables>
          <contactfiles editor="textarea"></contactfiles>
        </detail>
      </step>
      <step>
        <stepid>-5</stepid>
        <stepname>结果保存到MDMSTradeDownloadHistory.csv文件作为历史记录</stepname>
        <steptype>normal</steptype>
        <targetfile></targetfile>
        <targetpagetype></targetpagetype>
        <detail>
          <logic editor="textarea">把Download下来的所有数据保存到MDMSTradeDownloadHistory.csv作为历史记录供之后查询</logic>
          <contacttables editor="textarea"></contacttables>
          <contactfiles editor="textarea">MDMSTradeDownloadHistory.csv</contactfiles>
        </detail>
      </step>
      <step>
        <stepid>-6</stepid>
        <stepname>生成IOS_Fees.csv文件</stepname>
        <steptype>normal</steptype>
        <targetfile></targetfile>
        <targetpagetype></targetpagetype>
        <detail>
          <logic editor="textarea">根据部分逻辑生成IOS_Fees.csv</logic>
          <contacttables editor="textarea"></contacttables>
          <contactfiles editor="textarea">IOS_Fees.csv</contactfiles>
        </detail>
      </step>
      <step>
        <stepid>-7</stepid>
        <stepname>生成TermTrades.csv文件</stepname>
        <steptype>normal</steptype>
        <targetfile></targetfile>
        <targetpagetype></targetpagetype>
        <detail>
          <logic editor="textarea">根据部分逻辑生成TermTrades.csv</logic>
          <contacttables editor="textarea"></contacttables>
          <contactfiles editor="textarea">TermTrades.csv</contactfiles>
        </detail>
      </step>
      <step>
        <stepid>-8</stepid>
        <stepname>生成TermFees.csv文件</stepname>
        <steptype>normal</steptype>
        <targetfile></targetfile>
        <targetpagetype></targetpagetype>
        <detail>
          <logic editor="textarea">根据部分逻辑生成TermFees.csv</logic>
          <contacttables editor="textarea"></contacttables>
          <contactfiles editor="textarea">TermFees.csv</contactfiles>
        </detail>
      </step>
      <step>
        <stepid>-9</stepid>
        <stepname>调用MK_Commit_MORT_DERIV_TRADES存储过程保存到MK_MORT_DERIV_TRADES</stepname>
        <steptype>normal</steptype>
        <targetfile></targetfile>
        <targetpagetype></targetpagetype>
        <detail>
          <logic editor="textarea">Download的DealID和MK_MORT_DERIV_TXNS表进行关联更新TransactionID</logic>
          <contacttables editor="textarea">MK_MORT_DERIV_TXNS;MK_MORT_DERIV_TRADES_STAGING</contacttables>
          <contactfiles editor="textarea"></contactfiles>
        </detail>
      </step>
      <step>
        <stepid>-10</stepid>
        <stepname>SaveTermFees</stepname>
        <steptype>normal</steptype>
        <targetfile></targetfile>
        <targetpagetype></targetpagetype>
        <detail>
          <logic editor="textarea">根据特定情况,部分数据插入MK_MORT_DERIV_TERM_FEES</logic>
          <contacttables editor="textarea">MK_MORT_DERIV_TERM_FEES</contacttables>
          <contactfiles editor="textarea"></contactfiles>
        </detail>
      </step>
      <step>
        <stepid>-11</stepid>
        <stepname>SaveAllFees</stepname>
        <steptype>normal</steptype>
        <targetfile></targetfile>
        <targetpagetype></targetpagetype>
        <detail>
          <logic editor="textarea">根据特定情况,部分数据插入MK_MORT_DERIV_FEES</logic>
          <contacttables editor="textarea">MK_MORT_DERIV_FEES</contacttables>
          <contactfiles editor="textarea"></contactfiles>
        </detail>
      </step>
      <step>
        <stepid>-12</stepid>
        <stepname>SaveEffectiveData</stepname>
        <steptype>normal</steptype>
        <targetfile></targetfile>
        <targetpagetype></targetpagetype>
        <detail>
          <logic editor="textarea">根据特定情况,部分数据插入MK_MORT_DERIV_FEES_EffDate</logic>
          <contacttables editor="textarea">MK_MORT_DERIV_FEES_EffDate</contacttables>
          <contactfiles editor="textarea"></contactfiles>
        </detail>
      </step>
      <location>
        { "class": "go.GraphLinksModel",
        "linkFromPortIdProperty": "fromPort",
        "linkToPortIdProperty": "toPort",
        "modelData": {"position":"-50.76142374915397 67.66279069767441"},
        "nodeDataArray": [
        {"text":"调用PositionService的GetAccounts方法获取Accounts", "figure":"CreateRequest", "fill":"#FFCC22", "size":"419 75", "key":-3, "loc":"410 160"},
        {"text":"把每个Account发送到DSPQueryService的GetRecords方法获取交易记录", "figure":"CreateRequest", "fill":"#FFCC22", "size":"542 76", "key":-2, "loc":"410 310"},
        {"text":"调用MK_SAVE_TPS_TRADE_XML存储过程保存", "figure":"CreateRequest", "fill":"#FFCC22", "size":"455 70", "key":-4, "loc":"410 470"},
        {"text":"结果保存到MDMSTradeDownloadHistory.csv文件作为历史记录", "figure":"CreateRequest", "fill":"#FFCC22", "size":"458 70", "key":-5, "loc":"410 590"},
        {"text":"生成IOS_Fees.csv文件", "figure":"CreateRequest", "fill":"#FFCC22", "size":"340 70", "key":-6, "loc":"410 720"},
        {"text":"生成TermTrades.csv文件", "figure":"CreateRequest", "fill":"#FFCC22", "size":"340 70", "key":-7, "loc":"410 840"},
        {"text":"生成TermFees.csv文件", "figure":"CreateRequest", "fill":"#FFCC22", "size":"340 70", "key":-8, "loc":"410 960"},
        {"text":"调用MK_Commit_MORT_DERIV_TRADES存储过程保存到MK_MORT_DERIV_TRADES", "figure":"CreateRequest", "fill":"#FFCC22", "size":"653 70", "key":-9, "loc":"410 1100"},
        {"text":"SaveTermFees", "figure":"CreateRequest", "fill":"#FFCC22", "size":"438 70", "key":-10, "loc":"410 1200"},
        {"text":"SaveAllFees", "figure":"CreateRequest", "fill":"#FFCC22", "size":"438 70", "key":-11, "loc":"410 1320"},
        {"text":"SaveEffectiveData", "figure":"CreateRequest", "fill":"#FFCC22", "size":"438 70", "key":-12, "loc":"410 1430"}
        ],
        "linkDataArray": [
        {"from":-4, "to":-2, "fromPort":"R", "toPort":"R", "points":[637.5,470,647.5,470,691,470,691,390,691,310,681,310], "text":"循环处理"},
        {"from":-3, "to":-2, "fromPort":"B", "toPort":"T", "points":[410,197.5,410,207.5,410,234.75,410,234.75,410,262,410,272]},
        {"from":-2, "to":-4, "fromPort":"B", "toPort":"T", "points":[410,348,410,358,410,391.5,410,391.5,410,425,410,435]},
        {"from":-4, "to":-5, "fromPort":"B", "toPort":"T", "points":[410,505,410,515,410,531.9727891156464,410,531.9727891156464,410,545,410,555], "text":"循环处理完毕"},
        {"from":-5, "to":-6, "fromPort":"B", "toPort":"T", "points":[410,625,410,635,410,655,410,655,410,675,410,685]},
        {"from":-6, "to":-7, "fromPort":"B", "toPort":"T", "points":[410,755,410,765,410,780,410,780,410,795,410,805]},
        {"from":-7, "to":-8, "fromPort":"B", "toPort":"T", "points":[410,875,410,885,410,900,410,900,410,915,410,925]},
        {"from":-8, "to":-9, "fromPort":"B", "toPort":"T", "points":[410,995,410,1005,410,1030,410,1030,410,1055,410,1065]},
        {"from":-10, "to":-11, "fromPort":"B", "toPort":"T", "points":[410,1235,410,1245,410,1260,410,1260,410,1275,410,1285]},
        {"from":-9, "to":-10, "fromPort":"B", "toPort":"T", "points":[410,1135,410,1145,410,1150,410,1150,410,1155,410,1165]},
        {"from":-11, "to":-12, "fromPort":"B", "toPort":"T", "points":[410,1355,410,1365,410,1375,410,1375,410,1385,410,1395]}
        ]}
      </location>
    </visio>
    <solve>
      暂无
    </solve>
    <errorlog>
      <log>
        <id>1</id>
        <time>2017-03-03</time>
        <issue>下游经常会缺少数据</issue>
        <cause>DSP数据经常有问题</cause>
        <status>success</status>
        <resolve>rerun job</resolve>
        <attachment></attachment>
      </log>
    </errorlog>
    <relation>
      <flow>
        <downstream filename="CSVReportGenerator.xml" pagetype="normal" status="edit"></downstream>
      </flow>
    </relation>
  </detail>
</root>